order_id,wheel_type,operation,machine,start,end,duration_hours,sequence,due_date
O076,Eco-160,Turning,M1,2025-08-21 08:00:00.000000,2025-08-21 09:54:14.012351,1.9038923196744983,1,2025-08-24 09:00:00
O076,Eco-160,CNC,M2,2025-08-21 09:54:14.012351,2025-08-21 12:44:14.493652,2.833467027974078,2,2025-08-24 09:00:00
O076,Eco-160,HeatTreat,M3,2025-08-21 12:44:14.493652,2025-08-21 15:18:39.443298,2.5735971238059854,3,2025-08-24 09:00:00
O076,Eco-160,Drill,M3,2025-08-21 15:18:39.443298,2025-08-21 16:47:24.509582,1.4791850787890903,4,2025-08-24 09:00:00
O076,Eco-160,Paint,M4,2025-08-21 16:47:24.509582,2025-08-21 18:46:27.590528,1.984189151549173,5,2025-08-24 09:00:00
O076,Eco-160,Assembly,M5,2025-08-21 18:46:27.590528,2025-08-21 21:23:35.254153,2.6187954513266076,6,2025-08-24 09:00:00
O076,Eco-160,QA,M6,2025-08-21 21:23:35.254153,2025-08-21 22:28:54.747859,1.0887482517112785,7,2025-08-24 09:00:00
O011,HeavyDuty-300,Turning,M1,2025-08-21 09:54:14.012351,2025-08-21 12:55:12.862446,3.016347248740536,1,2025-08-24 09:00:00
O011,HeavyDuty-300,CNC,M2,2025-08-21 12:55:12.862446,2025-08-21 15:44:39.373595,2.8240308746198837,2,2025-08-24 09:00:00
O011,HeavyDuty-300,Drill,M3,2025-08-21 16:47:24.509582,2025-08-21 19:27:03.158985,2.660735945213638,3,2025-08-24 09:00:00
O011,HeavyDuty-300,Paint,M4,2025-08-21 19:27:03.158985,2025-08-21 22:46:18.069065,3.320808355569339,4,2025-08-24 09:00:00
O011,HeavyDuty-300,Assembly,M5,2025-08-21 22:46:18.069065,2025-08-22 01:17:52.204106,2.5261486223720606,5,2025-08-24 09:00:00
O011,HeavyDuty-300,QA,M6,2025-08-22 01:17:52.204106,2025-08-22 03:11:08.462416,1.887849530690426,6,2025-08-24 09:00:00
O049,HeavyDuty-300,Turning,M1,2025-08-21 12:55:12.862446,2025-08-21 16:41:25.470743,3.7701689713827466,1,2025-08-24 09:00:00
O049,HeavyDuty-300,CNC,M2,2025-08-21 16:41:25.470743,2025-08-21 21:21:37.218215,4.669929853252313,2,2025-08-24 09:00:00
O049,HeavyDuty-300,Drill,M3,2025-08-21 21:21:37.218215,2025-08-21 23:02:52.068837,1.6874585060633722,3,2025-08-24 09:00:00
O049,HeavyDuty-300,Paint,M4,2025-08-21 23:02:52.068837,2025-08-22 01:57:09.757085,2.9049134020854397,4,2025-08-24 09:00:00
O049,HeavyDuty-300,Assembly,M5,2025-08-22 01:57:09.757085,2025-08-22 04:59:23.762708,3.0372237841952856,5,2025-08-24 09:00:00
O049,HeavyDuty-300,QA,M6,2025-08-22 04:59:23.762708,2025-08-22 06:56:07.613648,1.9455141500031317,6,2025-08-24 09:00:00
O071,Urban-200,Turning,M1,2025-08-21 16:41:25.470743,2025-08-21 18:53:14.267357,2.1968879483508488,1,2025-08-24 09:00:00
O071,Urban-200,CNC,M2,2025-08-21 21:21:37.218215,2025-08-21 23:38:07.577725,2.275099863797769,2,2025-08-24 09:00:00
O071,Urban-200,HeatTreat,M3,2025-08-21 23:38:07.577725,2025-08-22 01:24:42.556784,1.7763830718892784,3,2025-08-24 09:00:00
O071,Urban-200,Drill,M3,2025-08-22 01:24:42.556784,2025-08-22 02:52:22.252236,1.461026514408891,4,2025-08-24 09:00:00
O071,Urban-200,Paint,M4,2025-08-22 02:52:22.252236,2025-08-22 04:52:09.605918,1.9964871340096153,5,2025-08-24 09:00:00
O071,Urban-200,Assembly,M5,2025-08-22 04:59:23.762708,2025-08-22 06:41:03.535434,1.6943813128536565,6,2025-08-24 09:00:00
O071,Urban-200,QA,M6,2025-08-22 06:56:07.613648,2025-08-22 08:01:39.896972,1.0923009234421264,7,2025-08-24 09:00:00
O024,Urban-200,Turning,M1,2025-08-21 18:53:14.267357,2025-08-21 21:13:23.536028,2.335907964184174,1,2025-08-24 10:00:00
O024,Urban-200,CNC,M2,2025-08-21 23:38:07.577725,2025-08-22 01:38:33.021375,2.007067680451828,2,2025-08-24 10:00:00
O024,Urban-200,Drill,M3,2025-08-22 02:52:22.252236,2025-08-22 03:56:28.803347,1.0684864196898907,3,2025-08-24 10:00:00
O024,Urban-200,Paint,M4,2025-08-22 04:52:09.605918,2025-08-22 06:51:09.917312,1.9834198317974991,4,2025-08-24 10:00:00
O024,Urban-200,Assembly,M5,2025-08-22 06:51:09.917312,2025-08-22 09:15:23.453153,2.40375995569837,5,2025-08-24 10:00:00
O007,Urban-200,Turning,M1,2025-08-21 21:13:23.536028,2025-08-21 23:00:59.837736,1.7934171410756066,1,2025-08-24 11:00:00
O007,Urban-200,CNC,M2,2025-08-22 01:38:33.021375,2025-08-22 04:54:41.163912,3.2689284824164506,2,2025-08-24 11:00:00
O007,Urban-200,Drill,M3,2025-08-22 04:54:41.163912,2025-08-22 07:29:01.826742,2.572406341615299,3,2025-08-24 11:00:00
O007,Urban-200,Paint,M4,2025-08-22 07:29:01.826742,2025-08-22 10:23:20.948816,2.905311687305407,4,2025-08-24 11:00:00
O007,Urban-200,Assembly,M5,2025-08-22 10:23:20.948816,2025-08-22 13:08:54.788463,2.759399901860852,5,2025-08-24 11:00:00
O007,Urban-200,QA,M6,2025-08-22 13:08:54.788463,2025-08-22 14:25:28.541929,1.2760426295192913,6,2025-08-24 11:00:00
O010,Racing-180,Turning,M1,2025-08-21 23:00:59.837736,2025-08-22 02:02:28.094672,3.0245158155605223,1,2025-08-25 09:00:00
O010,Racing-180,CNC,M2,2025-08-22 04:54:41.163912,2025-08-22 06:50:04.349750,1.9231071771649948,2,2025-08-25 09:00:00
O010,Racing-180,HeatTreat,M2,2025-08-22 06:50:04.349750,2025-08-22 08:29:32.139427,1.6577193546978,3,2025-08-25 09:00:00
O010,Racing-180,Drill,M3,2025-08-22 08:29:32.139427,2025-08-22 09:41:12.132675,1.1944425689683822,4,2025-08-25 09:00:00
O010,Racing-180,Paint,M4,2025-08-22 10:23:20.948816,2025-08-22 12:42:06.754291,2.312723743166068,5,2025-08-25 09:00:00
O010,Racing-180,Assembly,M5,2025-08-22 13:08:54.788463,2025-08-22 15:47:37.798568,2.6452805847327205,6,2025-08-25 09:00:00
O010,Racing-180,QA,M6,2025-08-22 15:47:37.798568,2025-08-22 17:12:51.432442,1.420453853788263,7,2025-08-25 09:00:00
O018,Offroad-250,Turning,M1,2025-08-22 02:02:28.094672,2025-08-22 05:25:21.484106,3.3814970649644422,1,2025-08-25 10:00:00
O018,Offroad-250,CNC,M2,2025-08-22 08:29:32.139427,2025-08-22 12:19:00.185892,3.8244573512597944,2,2025-08-25 10:00:00
O018,Offroad-250,HeatTreat,M3,2025-08-22 12:19:00.185892,2025-08-22 13:51:16.494496,1.5378635011803872,3,2025-08-25 10:00:00
O018,Offroad-250,Drill,M3,2025-08-22 13:51:16.494496,2025-08-22 15:12:53.565897,1.3602976113694947,4,2025-08-25 10:00:00
O018,Offroad-250,Paint,M4,2025-08-22 15:12:53.565897,2025-08-22 17:56:45.888212,2.7312006429262636,5,2025-08-25 10:00:00
O018,Offroad-250,Assembly,M5,2025-08-22 17:56:45.888212,2025-08-22 19:50:32.863237,1.8963819514364468,6,2025-08-25 10:00:00
O018,Offroad-250,QA,M6,2025-08-22 19:50:32.863237,2025-08-22 20:51:11.097389,1.0106205976678806,7,2025-08-25 10:00:00
O053,Offroad-250,Turning,M1,2025-08-22 05:25:21.484106,2025-08-22 09:11:09.292529,3.763280117616832,1,2025-08-25 11:00:00
O053,Offroad-250,CNC,M2,2025-08-22 12:19:00.185892,2025-08-22 16:10:13.153198,3.8536020294155993,2,2025-08-25 11:00:00
O053,Offroad-250,Drill,M3,2025-08-22 16:10:13.153198,2025-08-22 18:41:38.660399,2.523752000233503,3,2025-08-25 11:00:00
O053,Offroad-250,Paint,M4,2025-08-22 18:41:38.660399,2025-08-22 20:36:05.872809,1.90755900287275,4,2025-08-25 11:00:00
O053,Offroad-250,Assembly,M5,2025-08-22 20:36:05.872809,2025-08-22 23:03:37.042998,2.4586583857762023,5,2025-08-25 11:00:00
O053,Offroad-250,QA,M6,2025-08-22 23:03:37.042998,2025-08-23 00:40:53.306680,1.6211843561018642,6,2025-08-25 11:00:00
O023,Urban-200,Turning,M1,2025-08-22 09:11:09.292529,2025-08-22 12:11:17.756172,3.002351011910899,1,2025-08-25 11:00:00
O023,Urban-200,CNC,M2,2025-08-22 16:10:13.153198,2025-08-22 17:49:16.576110,1.6509508088278002,2,2025-08-25 11:00:00
O023,Urban-200,HeatTreat,M2,2025-08-22 17:49:16.576110,2025-08-22 19:35:54.138484,1.7771006594105292,3,2025-08-25 11:00:00
O023,Urban-200,Drill,M3,2025-08-22 19:35:54.138484,2025-08-22 20:48:41.264932,1.213090679972372,4,2025-08-25 11:00:00
O023,Urban-200,Paint,M4,2025-08-22 20:48:41.264932,2025-08-22 22:35:21.417491,1.7778201553891115,5,2025-08-25 11:00:00
O023,Urban-200,Assembly,M5,2025-08-22 23:03:37.042998,2025-08-23 01:16:55.986845,2.221928846507672,6,2025-08-25 11:00:00
O023,Urban-200,QA,M6,2025-08-23 01:16:55.986845,2025-08-23 02:37:47.404466,1.3476160057170201,7,2025-08-25 11:00:00
O059,Offroad-250,Turning,M1,2025-08-22 12:11:17.756172,2025-08-22 15:24:56.264892,3.2273635332727846,1,2025-08-25 12:00:00
O059,Offroad-250,CNC,M2,2025-08-22 19:35:54.138484,2025-08-22 21:44:04.085228,2.1360963178339953,2,2025-08-25 12:00:00
O059,Offroad-250,Drill,M3,2025-08-22 21:44:04.085228,2025-08-22 23:40:58.764596,1.9485220467880429,3,2025-08-25 12:00:00
O059,Offroad-250,Paint,M4,2025-08-22 23:40:58.764596,2025-08-23 01:52:42.653612,2.195524726555448,4,2025-08-25 12:00:00
O059,Offroad-250,Assembly,M5,2025-08-23 01:52:42.653612,2025-08-23 04:19:55.457248,2.4535565655636686,5,2025-08-25 12:00:00
O059,Offroad-250,QA,M6,2025-08-23 04:19:55.457248,2025-08-23 05:50:29.327267,1.5094083385188135,6,2025-08-25 12:00:00
O062,Offroad-250,Turning,M1,2025-08-22 15:24:56.264892,2025-08-22 18:28:13.588614,3.05481214493856,1,2025-08-25 12:00:00
O062,Offroad-250,CNC,M2,2025-08-22 21:44:04.085228,2025-08-22 23:41:03.240142,1.9497652537673915,2,2025-08-25 12:00:00
O062,Offroad-250,Drill,M3,2025-08-22 23:41:03.240142,2025-08-23 01:54:04.570264,2.2170361451387026,3,2025-08-25 12:00:00
O062,Offroad-250,Paint,M4,2025-08-23 01:54:04.570264,2025-08-23 03:47:13.246506,1.8857434004289275,4,2025-08-25 12:00:00
O062,Offroad-250,Assembly,M5,2025-08-23 04:19:55.457248,2025-08-23 06:13:03.549123,1.8855810764179701,5,2025-08-25 12:00:00
O062,Offroad-250,QA,M6,2025-08-23 06:13:03.549123,2025-08-23 07:24:34.318423,1.1918803610222342,6,2025-08-25 12:00:00
O086,HeavyDuty-300,Turning,M1,2025-08-22 18:28:13.588614,2025-08-22 22:16:00.771618,3.796439723277334,1,2025-08-25 15:00:00
O086,HeavyDuty-300,CNC,M2,2025-08-22 23:41:03.240142,2025-08-23 02:08:33.693774,2.458459342192138,2,2025-08-25 15:00:00
O086,HeavyDuty-300,Drill,M3,2025-08-23 02:08:33.693774,2025-08-23 04:32:43.357733,2.402684433035089,3,2025-08-25 15:00:00
O086,HeavyDuty-300,Paint,M4,2025-08-23 04:32:43.357733,2025-08-23 08:10:46.984823,3.6343408583294248,4,2025-08-25 15:00:00
O086,HeavyDuty-300,Assembly,M5,2025-08-23 08:10:46.984823,2025-08-23 10:24:17.205929,2.2250614184643767,5,2025-08-25 15:00:00
O086,HeavyDuty-300,QA,M6,2025-08-23 10:24:17.205929,2025-08-23 12:24:06.621009,1.9970597444607494,6,2025-08-25 15:00:00
O075,Racing-180,Turning,M1,2025-08-22 22:16:00.771618,2025-08-23 01:13:20.325609,2.955431664147712,1,2025-08-25 15:00:00
O075,Racing-180,CNC,M2,2025-08-23 02:08:33.693774,2025-08-23 05:10:12.022314,3.0273134832590496,2,2025-08-25 15:00:00
O075,Racing-180,HeatTreat,M3,2025-08-23 05:10:12.022314,2025-08-23 06:20:34.363879,1.1728726568632357,3,2025-08-25 15:00:00
O075,Racing-180,Drill,M3,2025-08-23 06:20:34.363879,2025-08-23 07:27:32.652242,1.1161912118916875,4,2025-08-25 15:00:00
O075,Racing-180,Paint,M4,2025-08-23 08:10:46.984823,2025-08-23 10:31:32.266366,2.345911539721258,5,2025-08-25 15:00:00
O075,Racing-180,Assembly,M5,2025-08-23 10:31:32.266366,2025-08-23 12:37:19.024290,2.096321645528613,6,2025-08-25 15:00:00
O075,Racing-180,QA,M6,2025-08-23 12:37:19.024290,2025-08-23 13:44:56.392064,1.127046603901189,7,2025-08-25 15:00:00
O084,Eco-160,Turning,M1,2025-08-23 01:13:20.325609,2025-08-23 03:04:59.185568,1.860794432919467,1,2025-08-25 16:00:00
O084,Eco-160,CNC,M2,2025-08-23 05:10:12.022314,2025-08-23 07:51:36.591902,2.6901582187584547,2,2025-08-25 16:00:00
O084,Eco-160,Drill,M3,2025-08-23 07:51:36.591902,2025-08-23 09:32:11.950838,1.6764885934262546,3,2025-08-25 16:00:00
O084,Eco-160,Paint,M4,2025-08-23 10:31:32.266366,2025-08-23 12:13:44.198064,1.7033143606217445,4,2025-08-25 16:00:00
O084,Eco-160,Assembly,M5,2025-08-23 12:37:19.024290,2025-08-23 14:28:41.464273,1.8562333286527073,5,2025-08-25 16:00:00
O084,Eco-160,QA,M6,2025-08-23 14:28:41.464273,2025-08-23 16:06:17.049090,1.6265513380099768,6,2025-08-25 16:00:00
O090,HeavyDuty-300,Turning,M1,2025-08-23 03:04:59.185568,2025-08-23 05:28:00.389424,2.38366773771773,1,2025-08-25 16:00:00
O090,HeavyDuty-300,CNC,M2,2025-08-23 07:51:36.591902,2025-08-23 10:48:41.996349,2.951501235182573,2,2025-08-25 16:00:00
O090,HeavyDuty-300,HeatTreat,M3,2025-08-23 10:48:41.996349,2025-08-23 13:00:47.342901,2.2014851532879276,3,2025-08-25 16:00:00
O090,HeavyDuty-300,Drill,M3,2025-08-23 13:00:47.342901,2025-08-23 15:51:44.048560,2.849084905269713,4,2025-08-25 16:00:00
O090,HeavyDuty-300,Paint,M4,2025-08-23 15:51:44.048560,2025-08-23 19:11:44.798040,3.3335415223188085,5,2025-08-25 16:00:00
O090,HeavyDuty-300,Assembly,M5,2025-08-23 19:11:44.798040,2025-08-23 22:29:39.831477,3.298620399133903,6,2025-08-25 16:00:00
O090,HeavyDuty-300,QA,M6,2025-08-23 22:29:39.831477,2025-08-24 00:36:13.068484,2.1092325018525946,7,2025-08-25 16:00:00
O039,Offroad-250,Turning,M1,2025-08-23 05:28:00.389424,2025-08-23 08:11:59.439445,2.7330694504055595,1,2025-08-26 08:00:00
O039,Offroad-250,CNC,M2,2025-08-23 10:48:41.996349,2025-08-23 14:16:19.766782,3.460491786866538,2,2025-08-26 08:00:00
O039,Offroad-250,Drill,M3,2025-08-23 15:51:44.048560,2025-08-23 17:35:19.109387,1.7264057854022739,3,2025-08-26 08:00:00
O039,Offroad-250,Paint,M4,2025-08-23 19:11:44.798040,2025-08-23 22:16:56.779556,3.086661532239356,4,2025-08-26 08:00:00
O039,Offroad-250,Assembly,M5,2025-08-23 22:29:39.831477,2025-08-24 00:44:23.364217,2.2454257610481103,5,2025-08-26 08:00:00
O039,Offroad-250,QA,M6,2025-08-24 00:44:23.364217,2025-08-24 01:59:41.876225,1.2551422244394108,6,2025-08-26 08:00:00
O006,Eco-160,Turning,M1,2025-08-23 08:11:59.439445,2025-08-23 11:21:06.441555,3.151945030628174,1,2025-08-26 09:00:00
O006,Eco-160,CNC,M2,2025-08-23 14:16:19.766782,2025-08-23 17:36:02.487181,3.328533444218038,2,2025-08-26 09:00:00
O006,Eco-160,Drill,M3,2025-08-23 17:36:02.487181,2025-08-23 18:52:37.162463,1.2762986895479402,3,2025-08-26 09:00:00
O006,Eco-160,Paint,M4,2025-08-23 22:16:56.779556,2025-08-24 00:27:04.921454,2.1689283049528796,4,2025-08-26 09:00:00
O006,Eco-160,Assembly,M5,2025-08-24 00:44:23.364217,2025-08-24 03:25:10.367434,2.679723115806887,5,2025-08-26 09:00:00
O006,Eco-160,QA,M6,2025-08-24 03:25:10.367434,2025-08-24 04:32:09.496003,1.1164246025527027,6,2025-08-26 09:00:00
O046,Eco-160,Turning,M1,2025-08-23 11:21:06.441555,2025-08-23 13:20:14.665557,1.9856177782802718,1,2025-08-26 10:00:00
O046,Eco-160,CNC,M2,2025-08-23 17:36:02.487181,2025-08-23 19:31:23.233481,1.9224295278812358,2,2025-08-26 10:00:00
O046,Eco-160,Drill,M3,2025-08-23 19:31:23.233481,2025-08-23 20:42:22.913765,1.183244523352354,3,2025-08-26 10:00:00
O046,Eco-160,Paint,M4,2025-08-24 00:27:04.921454,2025-08-24 02:11:54.724267,1.7471674481639405,4,2025-08-26 10:00:00
O046,Eco-160,Assembly,M5,2025-08-24 03:25:10.367434,2025-08-24 04:45:09.577779,1.333113984698734,5,2025-08-26 10:00:00
O046,Eco-160,QA,M6,2025-08-24 04:45:09.577779,2025-08-24 05:38:31.728805,0.8894863960751872,6,2025-08-26 10:00:00
O019,HeavyDuty-300,Turning,M1,2025-08-23 13:20:14.665557,2025-08-23 17:55:08.536152,4.581630720902698,1,2025-08-26 12:00:00
O019,HeavyDuty-300,CNC,M2,2025-08-23 19:31:23.233481,2025-08-24 01:13:29.483935,5.701736237156643,2,2025-08-26 12:00:00
O019,HeavyDuty-300,Drill,M3,2025-08-24 01:13:29.483935,2025-08-24 02:47:44.064273,1.5707167605423809,3,2025-08-26 12:00:00
O019,HeavyDuty-300,Paint,M4,2025-08-24 02:47:44.064273,2025-08-24 05:43:44.732753,2.9335190223517023,4,2025-08-26 12:00:00
O019,HeavyDuty-300,Assembly,M5,2025-08-24 05:43:44.732753,2025-08-24 08:58:29.311763,3.2457163917193292,5,2025-08-26 12:00:00
O019,HeavyDuty-300,QA,M6,2025-08-24 08:58:29.311763,2025-08-24 10:57:22.808527,1.9815268789101765,6,2025-08-26 12:00:00
O078,Eco-160,Turning,M1,2025-08-23 17:55:08.536152,2025-08-23 20:20:20.810037,2.4200760790641733,1,2025-08-26 14:00:00
O078,Eco-160,CNC,M2,2025-08-24 01:13:29.483935,2025-08-24 02:56:39.464530,1.7194390541030722,2,2025-08-26 14:00:00
O078,Eco-160,Drill,M3,2025-08-24 02:56:39.464530,2025-08-24 04:42:35.878671,1.7656705948311797,3,2025-08-26 14:00:00
O078,Eco-160,Paint,M4,2025-08-24 05:43:44.732753,2025-08-24 07:52:56.472558,2.1532610569722364,4,2025-08-26 14:00:00
O078,Eco-160,Assembly,M5,2025-08-24 08:58:29.311763,2025-08-24 11:28:47.315805,2.505001122870658,5,2025-08-26 14:00:00
O078,Eco-160,QA,M6,2025-08-24 11:28:47.315805,2025-08-24 12:34:17.997481,1.091856021106795,6,2025-08-26 14:00:00
O052,Offroad-250,Turning,M1,2025-08-23 20:20:20.810037,2025-08-23 23:05:30.903988,2.7528038751420967,1,2025-08-26 14:00:00
O052,Offroad-250,CNC,M2,2025-08-24 02:56:39.464530,2025-08-24 07:32:06.970932,4.590974000523758,2,2025-08-26 14:00:00
O052,Offroad-250,HeatTreat,M3,2025-08-24 07:32:06.970932,2025-08-24 10:31:44.453670,2.993745205104049,3,2025-08-26 14:00:00
O052,Offroad-250,Drill,M3,2025-08-24 10:31:44.453670,2025-08-24 12:02:08.479109,1.506673733184166,4,2025-08-26 14:00:00
O052,Offroad-250,Paint,M4,2025-08-24 12:02:08.479109,2025-08-24 14:32:58.992811,2.5140315839627325,5,2025-08-26 14:00:00
O052,Offroad-250,Assembly,M5,2025-08-24 14:32:58.992811,2025-08-24 16:59:17.616484,2.4385065759288427,6,2025-08-26 14:00:00
O052,Offroad-250,QA,M6,2025-08-24 16:59:17.616484,2025-08-24 18:33:08.358016,1.5640948700738804,7,2025-08-26 14:00:00
O060,Racing-180,Turning,M1,2025-08-23 23:05:30.903988,2025-08-24 01:14:25.812194,2.148585612675277,1,2025-08-26 14:00:00
O060,Racing-180,CNC,M2,2025-08-24 07:32:06.970932,2025-08-24 09:47:11.375116,2.2512233844717837,2,2025-08-26 14:00:00
O060,Racing-180,Drill,M3,2025-08-24 12:02:08.479109,2025-08-24 13:36:18.791421,1.5695311978860116,3,2025-08-26 14:00:00
O060,Racing-180,Paint,M4,2025-08-24 14:32:58.992811,2025-08-24 17:25:39.399082,2.8778906309532495,4,2025-08-26 14:00:00
O060,Racing-180,Assembly,M5,2025-08-24 17:25:39.399082,2025-08-24 20:06:35.222068,2.682173051756506,5,2025-08-26 14:00:00
O060,Racing-180,QA,M6,2025-08-24 20:06:35.222068,2025-08-24 21:04:09.398361,0.9594934148399629,6,2025-08-26 14:00:00
O016,HeavyDuty-300,Turning,M1,2025-08-24 01:14:25.812194,2025-08-24 03:05:16.845017,1.847509117550172,1,2025-08-26 15:00:00
O016,HeavyDuty-300,CNC,M2,2025-08-24 09:47:11.375116,2025-08-24 11:26:06.984378,1.6487803505413754,2,2025-08-26 15:00:00
O016,HeavyDuty-300,Drill,M3,2025-08-24 13:36:18.791421,2025-08-24 15:42:54.983217,2.1100532766729243,3,2025-08-26 15:00:00
O016,HeavyDuty-300,Paint,M4,2025-08-24 17:25:39.399082,2025-08-24 19:37:33.996042,2.1984991555648756,4,2025-08-26 15:00:00
O016,HeavyDuty-300,Assembly,M5,2025-08-24 20:06:35.222068,2025-08-24 22:11:10.810535,2.07655235192602,5,2025-08-26 15:00:00
O016,HeavyDuty-300,QA,M6,2025-08-24 22:11:10.810535,2025-08-24 23:49:39.743016,1.6413701335867668,6,2025-08-26 15:00:00
O045,Offroad-250,Turning,M1,2025-08-24 03:05:16.845017,2025-08-24 05:18:47.433897,2.2251635778947456,1,2025-08-26 16:00:00
O045,Offroad-250,CNC,M2,2025-08-24 11:26:06.984378,2025-08-24 13:33:24.830865,2.121624024036175,2,2025-08-26 16:00:00
O045,Offroad-250,Drill,M3,2025-08-24 15:42:54.983217,2025-08-24 17:56:48.332367,2.231485875068456,3,2025-08-26 16:00:00
O045,Offroad-250,Paint,M4,2025-08-24 19:37:33.996042,2025-08-24 23:00:30.342778,3.382318537821503,4,2025-08-26 16:00:00
O045,Offroad-250,Assembly,M5,2025-08-24 23:00:30.342778,2025-08-25 01:47:47.552192,2.7881137262280005,5,2025-08-26 16:00:00
O074,Eco-160,Turning,M1,2025-08-24 05:18:47.433897,2025-08-24 08:12:37.228217,2.8971650888807012,1,2025-08-27 08:00:00
O074,Eco-160,CNC,M2,2025-08-24 13:33:24.830865,2025-08-24 16:16:43.185763,2.7217652493784246,2,2025-08-27 08:00:00
O074,Eco-160,HeatTreat,M2,2025-08-24 16:16:43.185763,2025-08-24 17:44:31.238642,1.4633480219652815,3,2025-08-27 08:00:00
O074,Eco-160,Drill,M3,2025-08-24 17:56:48.332367,2025-08-24 19:30:16.252953,1.5577557183855935,4,2025-08-27 08:00:00
O074,Eco-160,Paint,M4,2025-08-24 23:00:30.342778,2025-08-25 00:44:10.260013,1.7277547874084616,5,2025-08-27 08:00:00
O074,Eco-160,Assembly,M5,2025-08-25 01:47:47.552192,2025-08-25 03:42:27.611302,1.911127530421298,6,2025-08-27 08:00:00
O074,Eco-160,QA,M6,2025-08-25 03:42:27.611302,2025-08-25 04:42:28.222518,1.0001697821799063,7,2025-08-27 08:00:00
O063,Urban-200,Turning,M1,2025-08-24 08:12:37.228217,2025-08-24 10:05:35.608740,1.8828834785975155,1,2025-08-27 09:00:00
O063,Urban-200,CNC,M2,2025-08-24 17:44:31.238642,2025-08-24 22:02:19.523838,4.296745887668373,2,2025-08-27 09:00:00
O063,Urban-200,Drill,M3,2025-08-24 22:02:19.523838,2025-08-25 00:22:30.981595,2.336516043628797,3,2025-08-27 09:00:00
O063,Urban-200,Paint,M4,2025-08-25 00:44:10.260013,2025-08-25 02:41:26.117911,1.9544049717607763,4,2025-08-27 09:00:00
O063,Urban-200,Assembly,M5,2025-08-25 03:42:27.611302,2025-08-25 05:41:36.729268,1.9858661016091745,5,2025-08-27 09:00:00
O048,Eco-160,Turning,M1,2025-08-24 10:05:35.608740,2025-08-24 11:21:41.032491,1.2681732640749206,1,2025-08-27 11:00:00
O048,Eco-160,CNC,M2,2025-08-24 22:02:19.523838,2025-08-24 23:25:30.865106,1.3864836855341467,2,2025-08-27 11:00:00
O048,Eco-160,HeatTreat,M2,2025-08-24 23:25:30.865106,2025-08-25 01:09:42.181986,1.7364769110350786,3,2025-08-27 11:00:00
O048,Eco-160,Drill,M3,2025-08-25 01:09:42.181986,2025-08-25 02:34:12.754846,1.408492461193571,4,2025-08-27 11:00:00
O048,Eco-160,Paint,M4,2025-08-25 02:41:26.117911,2025-08-25 04:06:03.133006,1.410281970701329,5,2025-08-27 11:00:00
O048,Eco-160,Assembly,M5,2025-08-25 05:41:36.729268,2025-08-25 07:27:50.814788,1.7705793112127777,6,2025-08-27 11:00:00
O048,Eco-160,QA,M6,2025-08-25 07:27:50.814788,2025-08-25 08:23:12.598872,0.9227178010242687,7,2025-08-27 11:00:00
O085,Urban-200,Turning,M1,2025-08-24 11:21:41.032491,2025-08-24 13:59:41.122631,2.633358372110652,1,2025-08-27 11:00:00
O085,Urban-200,CNC,M2,2025-08-25 01:09:42.181986,2025-08-25 04:00:08.504200,2.8406450594059067,2,2025-08-27 11:00:00
O085,Urban-200,Drill,M3,2025-08-25 04:00:08.504200,2025-08-25 05:39:44.380706,1.6599656961449627,3,2025-08-27 11:00:00
O085,Urban-200,Paint,M4,2025-08-25 05:39:44.380706,2025-08-25 08:03:37.846793,2.3981850240892437,4,2025-08-27 11:00:00
O085,Urban-200,Assembly,M5,2025-08-25 08:03:37.846793,2025-08-25 10:32:00.795214,2.4730412280421725,5,2025-08-27 11:00:00
O085,Urban-200,QA,M6,2025-08-25 10:32:00.795214,2025-08-25 11:41:35.214368,1.1595608760528293,6,2025-08-27 11:00:00
O050,Eco-160,Turning,M1,2025-08-24 13:59:41.122631,2025-08-24 16:58:23.410013,2.978413161728769,1,2025-08-27 12:00:00
O050,Eco-160,CNC,M2,2025-08-25 04:00:08.504200,2025-08-25 07:36:52.672949,3.6122690968470414,2,2025-08-27 12:00:00
O050,Eco-160,Drill,M3,2025-08-25 07:36:52.672949,2025-08-25 08:42:17.095116,1.0901172687412433,3,2025-08-27 12:00:00
O050,Eco-160,Paint,M4,2025-08-25 08:42:17.095116,2025-08-25 10:48:13.203417,2.09891897260447,4,2025-08-27 12:00:00
O050,Eco-160,Assembly,M5,2025-08-25 10:48:13.203417,2025-08-25 12:43:13.707279,1.916806628423852,5,2025-08-27 12:00:00
O050,Eco-160,QA,M6,2025-08-25 12:43:13.707279,2025-08-25 13:38:31.680533,0.9216592372743239,6,2025-08-27 12:00:00
O066,Racing-180,Turning,M1,2025-08-24 16:58:23.410013,2025-08-24 19:20:26.480962,2.3675197080546075,1,2025-08-27 12:00:00
O066,Racing-180,CNC,M2,2025-08-25 07:36:52.672949,2025-08-25 10:28:28.479396,2.8599462353702574,2,2025-08-27 12:00:00
O066,Racing-180,HeatTreat,M3,2025-08-25 10:28:28.479396,2025-08-25 12:02:55.455979,1.5741601620686652,3,2025-08-27 12:00:00
O066,Racing-180,Drill,M3,2025-08-25 12:02:55.455979,2025-08-25 13:44:23.727040,1.6911864057888382,4,2025-08-27 12:00:00
O066,Racing-180,Paint,M4,2025-08-25 13:44:23.727040,2025-08-25 16:05:59.056704,2.359813795538384,5,2025-08-27 12:00:00
O066,Racing-180,Assembly,M5,2025-08-25 16:05:59.056704,2025-08-25 18:12:06.944290,2.102190996171204,6,2025-08-27 12:00:00
O066,Racing-180,QA,M6,2025-08-25 18:12:06.944290,2025-08-25 19:39:16.759427,1.452726427009829,7,2025-08-27 12:00:00
O089,Urban-200,Turning,M1,2025-08-24 19:20:26.480962,2025-08-24 23:20:23.291381,3.9991140051719434,1,2025-08-27 15:00:00
O089,Urban-200,CNC,M2,2025-08-25 10:28:28.479396,2025-08-25 13:49:10.750202,3.3450752237855133,2,2025-08-27 15:00:00
O089,Urban-200,HeatTreat,M3,2025-08-25 13:49:10.750202,2025-08-25 15:58:51.555229,2.1613347297044716,3,2025-08-27 15:00:00
O089,Urban-200,Drill,M3,2025-08-25 15:58:51.555229,2025-08-25 17:39:30.254884,1.677416570962837,4,2025-08-27 15:00:00
O089,Urban-200,Paint,M4,2025-08-25 17:39:30.254884,2025-08-25 20:09:25.979794,2.4988124750392395,5,2025-08-27 15:00:00
O089,Urban-200,Assembly,M5,2025-08-25 20:09:25.979794,2025-08-25 22:46:04.030333,2.6105695941488944,6,2025-08-27 15:00:00
O089,Urban-200,QA,M6,2025-08-25 22:46:04.030333,2025-08-26 00:27:07.005253,1.6841596999017632,7,2025-08-27 15:00:00
O083,Offroad-250,Turning,M1,2025-08-24 23:20:23.291381,2025-08-25 02:06:00.302136,2.760280765218195,1,2025-08-28 08:00:00
O083,Offroad-250,CNC,M2,2025-08-25 13:49:10.750202,2025-08-25 18:44:16.226180,4.9181877717938995,2,2025-08-28 08:00:00
O083,Offroad-250,Drill,M3,2025-08-25 18:44:16.226180,2025-08-25 21:28:19.671301,2.734290311501466,3,2025-08-28 08:00:00
O083,Offroad-250,Paint,M4,2025-08-25 21:28:19.671301,2025-08-25 23:44:36.245006,2.271270473626833,4,2025-08-28 08:00:00
O083,Offroad-250,Assembly,M5,2025-08-25 23:44:36.245006,2025-08-26 02:44:25.471544,2.9970073717238837,5,2025-08-28 08:00:00
O083,Offroad-250,QA,M6,2025-08-26 02:44:25.471544,2025-08-26 04:52:32.121418,2.1351805205069465,6,2025-08-28 08:00:00
O067,Racing-180,Turning,M1,2025-08-25 02:06:00.302136,2025-08-25 03:29:29.672052,1.3914916434641504,1,2025-08-28 08:00:00
O067,Racing-180,CNC,M2,2025-08-25 18:44:16.226180,2025-08-25 20:42:33.717466,1.971525357157648,2,2025-08-28 08:00:00
O067,Racing-180,Drill,M3,2025-08-25 21:28:19.671301,2025-08-25 22:37:18.752000,1.1497446387458718,3,2025-08-28 08:00:00
O067,Racing-180,Paint,M4,2025-08-25 23:44:36.245006,2025-08-26 01:36:08.946315,1.8590836970469695,4,2025-08-28 08:00:00
O067,Racing-180,Assembly,M5,2025-08-26 02:44:25.471544,2025-08-26 04:49:09.085729,2.078781717943067,5,2025-08-28 08:00:00
O067,Racing-180,QA,M6,2025-08-26 04:52:32.121418,2025-08-26 06:12:48.003548,1.3377450361864436,6,2025-08-28 08:00:00
O065,Urban-200,Turning,M1,2025-08-25 03:29:29.672052,2025-08-25 05:11:02.144609,1.6923534881840605,1,2025-08-28 08:00:00
O065,Urban-200,CNC,M2,2025-08-25 20:42:33.717466,2025-08-25 22:39:21.992158,1.9467429700070684,2,2025-08-28 08:00:00
O065,Urban-200,HeatTreat,M3,2025-08-25 22:39:21.992158,2025-08-26 00:30:23.138784,1.850318507159391,3,2025-08-28 08:00:00
O065,Urban-200,Drill,M3,2025-08-26 00:30:23.138784,2025-08-26 02:00:25.492688,1.5006538622528505,4,2025-08-28 08:00:00
O065,Urban-200,Paint,M4,2025-08-26 02:00:25.492688,2025-08-26 04:00:39.473138,2.003883458390016,5,2025-08-28 08:00:00
O065,Urban-200,Assembly,M5,2025-08-26 04:49:09.085729,2025-08-26 06:59:11.061848,2.1672155885566173,6,2025-08-28 08:00:00
O065,Urban-200,QA,M6,2025-08-26 06:59:11.061848,2025-08-26 07:59:25.112136,1.0039028576663114,7,2025-08-28 08:00:00
O095,HeavyDuty-300,Turning,M1,2025-08-25 05:11:02.144609,2025-08-25 07:51:32.329781,2.67505143666958,1,2025-08-28 10:00:00
O095,HeavyDuty-300,CNC,M2,2025-08-25 22:39:21.992158,2025-08-26 01:32:35.295095,2.8870285937350713,2,2025-08-28 10:00:00
O095,HeavyDuty-300,HeatTreat,M2,2025-08-26 01:32:35.295095,2025-08-26 04:56:41.964951,3.4018527377160384,3,2025-08-28 10:00:00
O095,HeavyDuty-300,Drill,M3,2025-08-26 04:56:41.964951,2025-08-26 06:14:42.461830,1.300138021958226,4,2025-08-28 10:00:00
O095,HeavyDuty-300,Paint,M4,2025-08-26 06:14:42.461830,2025-08-26 09:06:07.268685,2.856890793145633,5,2025-08-28 10:00:00
O095,HeavyDuty-300,Assembly,M5,2025-08-26 09:06:07.268685,2025-08-26 11:45:23.950187,2.6546337504825726,6,2025-08-28 10:00:00
O095,HeavyDuty-300,QA,M6,2025-08-26 11:45:23.950187,2025-08-26 13:10:46.845856,1.4230265747365016,7,2025-08-28 10:00:00
O015,Offroad-250,Turning,M1,2025-08-25 07:51:32.329781,2025-08-25 12:22:14.580101,4.511736199905329,1,2025-08-28 10:00:00
O015,Offroad-250,CNC,M2,2025-08-26 04:56:41.964951,2025-08-26 08:37:48.015911,3.685014155640002,2,2025-08-28 10:00:00
O015,Offroad-250,Drill,M3,2025-08-26 08:37:48.015911,2025-08-26 10:50:02.847484,2.2041198814004783,3,2025-08-28 10:00:00
O015,Offroad-250,Paint,M4,2025-08-26 10:50:02.847484,2025-08-26 13:38:04.095566,2.8003466895216143,4,2025-08-28 10:00:00
O015,Offroad-250,Assembly,M5,2025-08-26 13:38:04.095566,2025-08-26 17:38:26.185066,4.006135972294649,5,2025-08-28 10:00:00
O015,Offroad-250,QA,M6,2025-08-26 17:38:26.185066,2025-08-26 19:29:51.858477,1.8571315031402866,6,2025-08-28 10:00:00
O099,Urban-200,Turning,M1,2025-08-25 12:22:14.580101,2025-08-25 15:11:52.842330,2.827295063627488,1,2025-08-28 10:00:00
O099,Urban-200,CNC,M2,2025-08-26 08:37:48.015911,2025-08-26 10:39:05.443191,2.02150757774695,2,2025-08-28 10:00:00
O099,Urban-200,Drill,M3,2025-08-26 10:50:02.847484,2025-08-26 11:56:19.114375,1.1045185808708171,3,2025-08-28 10:00:00
O099,Urban-200,Paint,M4,2025-08-26 13:38:04.095566,2025-08-26 16:38:57.497829,3.014833961814363,4,2025-08-28 10:00:00
O099,Urban-200,Assembly,M5,2025-08-26 17:38:26.185066,2025-08-26 20:16:16.192078,2.630557503201102,5,2025-08-28 10:00:00
O042,Offroad-250,Turning,M1,2025-08-25 15:11:52.842330,2025-08-25 16:43:35.331655,1.528469256897037,1,2025-08-28 11:00:00
O042,Offroad-250,CNC,M2,2025-08-26 10:39:05.443191,2025-08-26 12:09:28.334655,1.506358739936322,2,2025-08-28 11:00:00
O042,Offroad-250,Drill,M3,2025-08-26 12:09:28.334655,2025-08-26 14:15:43.755630,2.104283604145246,3,2025-08-28 11:00:00
O042,Offroad-250,Paint,M4,2025-08-26 16:38:57.497829,2025-08-26 18:13:35.303297,1.5771681856258786,4,2025-08-28 11:00:00
O042,Offroad-250,Assembly,M5,2025-08-26 20:16:16.192078,2025-08-26 22:46:34.620945,2.505119129858042,5,2025-08-28 11:00:00
O042,Offroad-250,QA,M6,2025-08-26 22:46:34.620945,2025-08-26 23:53:15.815298,1.1114428759288382,6,2025-08-28 11:00:00
O097,Urban-200,Turning,M1,2025-08-25 16:43:35.331655,2025-08-25 19:12:12.429346,2.476971580807822,1,2025-08-28 12:00:00
O097,Urban-200,CNC,M2,2025-08-26 12:09:28.334655,2025-08-26 16:07:11.714223,3.9620498799347392,2,2025-08-28 12:00:00
O097,Urban-200,Drill,M3,2025-08-26 16:07:11.714223,2025-08-26 18:16:53.625670,2.1616420686860427,3,2025-08-28 12:00:00
O097,Urban-200,Paint,M4,2025-08-26 18:16:53.625670,2025-08-26 21:12:15.805035,2.9228276015031107,4,2025-08-28 12:00:00
O097,Urban-200,Assembly,M5,2025-08-26 22:46:34.620945,2025-08-27 00:50:30.024607,2.0653899060811396,5,2025-08-28 12:00:00
O097,Urban-200,QA,M6,2025-08-27 00:50:30.024607,2025-08-27 02:21:33.838181,1.517725992859428,6,2025-08-28 12:00:00
O005,Eco-160,Turning,M1,2025-08-25 19:12:12.429346,2025-08-25 21:43:36.166525,2.523260327593554,1,2025-08-28 14:00:00
O005,Eco-160,CNC,M2,2025-08-26 16:07:11.714223,2025-08-26 18:23:02.897693,2.264217630419913,2,2025-08-28 14:00:00
O005,Eco-160,Drill,M3,2025-08-26 18:23:02.897693,2025-08-26 19:22:50.129094,0.9964531669129948,3,2025-08-28 14:00:00
O005,Eco-160,Paint,M4,2025-08-26 21:12:15.805035,2025-08-26 22:32:18.514889,1.334086070522687,4,2025-08-28 14:00:00
O005,Eco-160,Assembly,M5,2025-08-27 00:50:30.024607,2025-08-27 02:31:38.706353,1.6857449294641798,5,2025-08-28 14:00:00
O005,Eco-160,QA,M6,2025-08-27 02:31:38.706353,2025-08-27 03:18:23.261293,0.7790430387982279,6,2025-08-28 14:00:00
O017,HeavyDuty-300,Turning,M1,2025-08-25 21:43:36.166525,2025-08-26 01:06:43.172538,3.3852794480745425,1,2025-08-28 14:00:00
O017,HeavyDuty-300,CNC,M2,2025-08-26 18:23:02.897693,2025-08-26 23:59:30.739786,5.607733914777815,2,2025-08-28 14:00:00
O017,HeavyDuty-300,Drill,M3,2025-08-26 23:59:30.739786,2025-08-27 03:09:15.349161,3.162391492986411,3,2025-08-28 14:00:00
O017,HeavyDuty-300,Paint,M4,2025-08-27 03:09:15.349161,2025-08-27 05:54:45.770970,2.7584505025457293,4,2025-08-28 14:00:00
O017,HeavyDuty-300,Assembly,M5,2025-08-27 05:54:45.770970,2025-08-27 09:10:33.876942,3.263362770090791,5,2025-08-28 14:00:00
O017,HeavyDuty-300,QA,M6,2025-08-27 09:10:33.876942,2025-08-27 10:41:25.060626,1.514217689935586,6,2025-08-28 14:00:00
O091,HeavyDuty-300,Turning,M1,2025-08-26 01:06:43.172538,2025-08-26 04:24:43.366009,3.30005374187025,1,2025-08-28 15:00:00
O091,HeavyDuty-300,CNC,M2,2025-08-26 23:59:30.739786,2025-08-27 03:05:20.261825,3.097089455306412,2,2025-08-28 15:00:00
O091,HeavyDuty-300,Drill,M3,2025-08-27 03:09:15.349161,2025-08-27 05:13:06.968411,2.0643386806271717,3,2025-08-28 15:00:00
O091,HeavyDuty-300,Paint,M4,2025-08-27 05:54:45.770970,2025-08-27 08:03:52.165372,2.1517762228148323,4,2025-08-28 15:00:00
O091,HeavyDuty-300,Assembly,M5,2025-08-27 09:10:33.876942,2025-08-27 11:02:44.675649,1.869666307449859,5,2025-08-28 15:00:00
O091,HeavyDuty-300,QA,M6,2025-08-27 11:02:44.675649,2025-08-27 11:58:49.795241,0.9347554422728895,6,2025-08-28 15:00:00
O073,Offroad-250,Turning,M1,2025-08-26 04:24:43.366009,2025-08-26 06:52:01.280886,2.454976354765115,1,2025-08-28 15:00:00
O073,Offroad-250,CNC,M2,2025-08-27 03:05:20.261825,2025-08-27 05:35:27.477727,2.5020044171219236,2,2025-08-28 15:00:00
O073,Offroad-250,Drill,M3,2025-08-27 05:35:27.477727,2025-08-27 07:33:59.203613,1.9754794127115047,3,2025-08-28 15:00:00
O073,Offroad-250,Paint,M4,2025-08-27 08:03:52.165372,2025-08-27 10:40:37.084148,2.6124774376579025,4,2025-08-28 15:00:00
O073,Offroad-250,Assembly,M5,2025-08-27 11:02:44.675649,2025-08-27 13:05:37.371324,2.0479710206985144,5,2025-08-28 15:00:00
O073,Offroad-250,QA,M6,2025-08-27 13:05:37.371324,2025-08-27 14:31:32.378812,1.4319465245424188,6,2025-08-28 15:00:00
O033,Urban-200,Turning,M1,2025-08-26 06:52:01.280886,2025-08-26 08:58:51.924133,2.1140675685490695,1,2025-08-28 15:00:00
O033,Urban-200,CNC,M2,2025-08-27 05:35:27.477727,2025-08-27 06:57:22.889543,1.3653921711333878,2,2025-08-28 15:00:00
O033,Urban-200,Drill,M3,2025-08-27 07:33:59.203613,2025-08-27 08:37:21.502726,1.0561941979771352,3,2025-08-28 15:00:00
O033,Urban-200,Paint,M4,2025-08-27 10:40:37.084148,2025-08-27 12:44:17.952442,2.0613523039867734,4,2025-08-28 15:00:00
O033,Urban-200,Assembly,M5,2025-08-27 13:05:37.371324,2025-08-27 14:23:40.968450,1.3009992016385978,5,2025-08-28 15:00:00
O033,Urban-200,QA,M6,2025-08-27 14:31:32.378812,2025-08-27 15:10:51.823287,0.6554012429302853,6,2025-08-28 15:00:00
O030,Urban-200,Turning,M1,2025-08-26 08:58:51.924133,2025-08-26 11:44:38.277854,2.762876033558532,1,2025-08-28 16:00:00
O030,Urban-200,CNC,M2,2025-08-27 06:57:22.889543,2025-08-27 09:27:22.554873,2.499907036215724,2,2025-08-28 16:00:00
O030,Urban-200,Drill,M3,2025-08-27 09:27:22.554873,2025-08-27 10:47:01.832677,1.3275771678256247,3,2025-08-28 16:00:00
O030,Urban-200,Paint,M4,2025-08-27 12:44:17.952442,2025-08-27 14:59:49.910405,2.25887721200412,4,2025-08-28 16:00:00
O030,Urban-200,Assembly,M5,2025-08-27 14:59:49.910405,2025-08-27 17:25:29.549800,2.427677609583588,5,2025-08-28 16:00:00
O093,Eco-160,Turning,M1,2025-08-26 11:44:38.277854,2025-08-26 13:23:46.485137,1.6522798008790323,1,2025-08-29 10:00:00
O093,Eco-160,CNC,M2,2025-08-27 09:27:22.554873,2025-08-27 12:15:57.885582,2.8098140858862326,2,2025-08-29 10:00:00
O093,Eco-160,Drill,M3,2025-08-27 12:15:57.885582,2025-08-27 14:02:52.490111,1.7818345914128357,3,2025-08-29 10:00:00
O093,Eco-160,Paint,M4,2025-08-27 14:59:49.910405,2025-08-27 16:36:21.227042,1.608699065762668,4,2025-08-29 10:00:00
O093,Eco-160,Assembly,M5,2025-08-27 17:25:29.549800,2025-08-27 19:40:05.055849,2.243196124660216,5,2025-08-29 10:00:00
O035,HeavyDuty-300,Turning,M1,2025-08-26 13:23:46.485137,2025-08-26 15:40:22.419099,2.276648322837057,1,2025-08-29 11:00:00
O035,HeavyDuty-300,CNC,M2,2025-08-27 12:15:57.885582,2025-08-27 16:35:13.879146,4.3211093231993845,2,2025-08-29 11:00:00
O035,HeavyDuty-300,Drill,M3,2025-08-27 16:35:13.879146,2025-08-27 18:26:19.317886,1.8515107609900476,3,2025-08-29 11:00:00
O035,HeavyDuty-300,Paint,M4,2025-08-27 18:26:19.317886,2025-08-27 20:49:07.980952,2.380184184924189,4,2025-08-29 11:00:00
O035,HeavyDuty-300,Assembly,M5,2025-08-27 20:49:07.980952,2025-08-27 23:51:37.362607,3.0414949042692476,5,2025-08-29 11:00:00
O035,HeavyDuty-300,QA,M6,2025-08-27 23:51:37.362607,2025-08-28 01:20:02.740821,1.4737161705475108,6,2025-08-29 11:00:00
O070,Offroad-250,Turning,M1,2025-08-26 15:40:22.419099,2025-08-26 17:43:58.300374,2.059967020883227,1,2025-08-29 11:00:00
O070,Offroad-250,CNC,M2,2025-08-27 16:35:13.879146,2025-08-27 20:28:23.958352,3.88613311281559,2,2025-08-29 11:00:00
O070,Offroad-250,HeatTreat,M3,2025-08-27 20:28:23.958352,2025-08-27 21:54:18.451671,1.4318036997474566,3,2025-08-29 11:00:00
O070,Offroad-250,Drill,M3,2025-08-27 21:54:18.451671,2025-08-27 23:02:29.101335,1.1362915733803645,4,2025-08-29 11:00:00
O070,Offroad-250,Paint,M4,2025-08-27 23:02:29.101335,2025-08-28 01:44:20.290058,2.697552423142299,5,2025-08-29 11:00:00
O070,Offroad-250,Assembly,M5,2025-08-28 01:44:20.290058,2025-08-28 04:07:44.237830,2.3899854921405166,6,2025-08-29 11:00:00
O070,Offroad-250,QA,M6,2025-08-28 04:07:44.237830,2025-08-28 05:37:42.988596,1.4996529904480593,7,2025-08-29 11:00:00
O096,Racing-180,Turning,M1,2025-08-26 17:43:58.300374,2025-08-26 18:54:51.339515,1.181399761493735,1,2025-08-29 13:00:00
O096,Racing-180,CNC,M2,2025-08-27 20:28:23.958352,2025-08-27 22:05:36.381862,1.6201176417569463,2,2025-08-29 13:00:00
O096,Racing-180,Drill,M3,2025-08-27 23:02:29.101335,2025-08-28 00:29:02.911058,1.4427249231052814,3,2025-08-29 13:00:00
O096,Racing-180,Paint,M4,2025-08-28 01:44:20.290058,2025-08-28 02:59:02.688404,1.2451106515649555,4,2025-08-29 13:00:00
O096,Racing-180,Assembly,M5,2025-08-28 04:07:44.237830,2025-08-28 06:03:45.488464,1.9336807315594704,5,2025-08-29 13:00:00
O096,Racing-180,QA,M6,2025-08-28 06:03:45.488464,2025-08-28 06:58:00.063429,0.9040486015054983,6,2025-08-29 13:00:00
O098,Eco-160,Turning,M1,2025-08-26 18:54:51.339515,2025-08-26 20:14:42.802138,1.3309618396499365,1,2025-08-29 14:00:00
O098,Eco-160,CNC,M2,2025-08-27 22:05:36.381862,2025-08-28 00:26:37.954770,2.3504369189894647,2,2025-08-29 14:00:00
O098,Eco-160,HeatTreat,M2,2025-08-28 00:26:37.954770,2025-08-28 01:47:07.518551,1.34154549486091,3,2025-08-29 14:00:00
O098,Eco-160,Drill,M3,2025-08-28 01:47:07.518551,2025-08-28 03:01:49.945679,1.2451186465797708,4,2025-08-29 14:00:00
O098,Eco-160,Paint,M4,2025-08-28 03:01:49.945679,2025-08-28 04:43:09.747502,1.6888338397791072,5,2025-08-29 14:00:00
O098,Eco-160,Assembly,M5,2025-08-28 06:03:45.488464,2025-08-28 07:36:00.893601,1.5376125380863694,6,2025-08-29 14:00:00
O100,Racing-180,Turning,M1,2025-08-26 20:14:42.802138,2025-08-26 21:54:15.825695,1.6591732102856445,1,2025-08-29 14:00:00
O100,Racing-180,CNC,M2,2025-08-28 01:47:07.518551,2025-08-28 04:36:35.038483,2.8243110923368144,2,2025-08-29 14:00:00
O100,Racing-180,Drill,M3,2025-08-28 04:36:35.038483,2025-08-28 06:18:49.590734,1.704042292015927,3,2025-08-29 14:00:00
O100,Racing-180,Paint,M4,2025-08-28 06:18:49.590734,2025-08-28 07:43:48.046484,1.416237708340009,4,2025-08-29 14:00:00
O100,Racing-180,Assembly,M5,2025-08-28 07:43:48.046484,2025-08-28 09:18:16.518729,1.5745756237482667,5,2025-08-29 14:00:00
O100,Racing-180,QA,M6,2025-08-28 09:18:16.518729,2025-08-28 10:21:40.891577,1.0567702356592403,6,2025-08-29 14:00:00
O047,Eco-160,Turning,M1,2025-08-26 21:54:15.825695,2025-08-26 23:20:01.482210,1.4293490318880235,1,2025-08-29 16:00:00
O047,Eco-160,CNC,M2,2025-08-28 04:36:35.038483,2025-08-28 06:58:12.645671,2.3604464409910033,2,2025-08-29 16:00:00
O047,Eco-160,HeatTreat,M3,2025-08-28 06:58:12.645671,2025-08-28 08:21:39.424774,1.390771973130474,3,2025-08-29 16:00:00
O047,Eco-160,Drill,M3,2025-08-28 08:21:39.424774,2025-08-28 09:32:56.463066,1.1880661921121594,4,2025-08-29 16:00:00
O047,Eco-160,Paint,M4,2025-08-28 09:32:56.463066,2025-08-28 11:13:59.706486,1.6842342832177308,5,2025-08-29 16:00:00
O047,Eco-160,Assembly,M5,2025-08-28 11:13:59.706486,2025-08-28 12:37:07.970650,1.3856289343882857,6,2025-08-29 16:00:00
O047,Eco-160,QA,M6,2025-08-28 12:37:07.970650,2025-08-28 13:30:31.556289,0.8898848997290743,7,2025-08-29 16:00:00
O058,Urban-200,Turning,M1,2025-08-26 23:20:01.482210,2025-08-27 02:18:24.401247,2.9730330657095543,1,2025-08-29 16:00:00
O058,Urban-200,CNC,M2,2025-08-28 06:58:12.645671,2025-08-28 09:40:04.710661,2.697795830690854,2,2025-08-29 16:00:00
O058,Urban-200,HeatTreat,M3,2025-08-28 09:40:04.710661,2025-08-28 11:27:54.083694,1.7970480647339446,3,2025-08-29 16:00:00
O058,Urban-200,Drill,M3,2025-08-28 11:27:54.083694,2025-08-28 13:13:17.851907,1.7566022812880266,4,2025-08-29 16:00:00
O058,Urban-200,Paint,M4,2025-08-28 13:13:17.851907,2025-08-28 14:52:59.011746,1.661433288561659,5,2025-08-29 16:00:00
O058,Urban-200,Assembly,M5,2025-08-28 14:52:59.011746,2025-08-28 17:07:00.347390,2.2337043455372316,6,2025-08-29 16:00:00
O058,Urban-200,QA,M6,2025-08-28 17:07:00.347390,2025-08-28 18:36:22.244809,1.489415949641949,7,2025-08-29 16:00:00
O077,Eco-160,Turning,M1,2025-08-27 02:18:24.401247,2025-08-27 04:20:16.636504,2.031176460376676,1,2025-08-30 08:00:00
O077,Eco-160,CNC,M2,2025-08-28 09:40:04.710661,2025-08-28 11:18:57.530835,1.6480056039293254,2,2025-08-30 08:00:00
O077,Eco-160,HeatTreat,M2,2025-08-28 11:18:57.530835,2025-08-28 12:33:21.030666,1.2398610642325343,3,2025-08-30 08:00:00
O077,Eco-160,Drill,M3,2025-08-28 13:13:17.851907,2025-08-28 14:27:47.143948,1.2414700114881205,4,2025-08-30 08:00:00
O077,Eco-160,Paint,M4,2025-08-28 14:52:59.011746,2025-08-28 16:13:30.765704,1.342153877130027,5,2025-08-30 08:00:00
O077,Eco-160,Assembly,M5,2025-08-28 17:07:00.347390,2025-08-28 18:26:50.085364,1.3304827704849218,6,2025-08-30 08:00:00
O077,Eco-160,QA,M6,2025-08-28 18:36:22.244809,2025-08-28 19:35:37.255855,0.9875030683867793,7,2025-08-30 08:00:00
O001,Racing-180,Turning,M1,2025-08-27 04:20:16.636504,2025-08-27 07:05:26.620081,2.752773215806344,1,2025-08-30 08:00:00
O001,Racing-180,CNC,M2,2025-08-28 12:33:21.030666,2025-08-28 14:13:15.061835,1.6650086581605388,2,2025-08-30 08:00:00
O001,Racing-180,HeatTreat,M2,2025-08-28 14:13:15.061835,2025-08-28 16:04:48.918971,1.8594047600350374,3,2025-08-30 08:00:00
O001,Racing-180,Drill,M3,2025-08-28 16:04:48.918971,2025-08-28 17:00:36.648609,0.9299248993518234,4,2025-08-30 08:00:00
O001,Racing-180,Paint,M4,2025-08-28 17:00:36.648609,2025-08-28 18:49:51.734230,1.8208571170274075,5,2025-08-30 08:00:00
O001,Racing-180,Assembly,M5,2025-08-28 18:49:51.734230,2025-08-28 21:02:11.170767,2.2053990381072905,6,2025-08-30 08:00:00
O001,Racing-180,QA,M6,2025-08-28 21:02:11.170767,2025-08-28 22:23:51.301612,1.361147456936214,7,2025-08-30 08:00:00
O092,HeavyDuty-300,Turning,M1,2025-08-27 07:05:26.620081,2025-08-27 09:38:58.668956,2.558902465172484,1,2025-08-30 11:00:00
O092,HeavyDuty-300,CNC,M2,2025-08-28 16:04:48.918971,2025-08-28 18:22:10.700256,2.289383690181118,2,2025-08-30 11:00:00
O092,HeavyDuty-300,HeatTreat,M3,2025-08-28 18:22:10.700256,2025-08-28 20:11:56.581730,1.82941152047563,3,2025-08-30 11:00:00
O092,HeavyDuty-300,Drill,M3,2025-08-28 20:11:56.581730,2025-08-28 22:17:49.476217,2.098026246256236,4,2025-08-30 11:00:00
O092,HeavyDuty-300,Paint,M4,2025-08-28 22:17:49.476217,2025-08-29 00:43:00.491527,2.419726474935653,5,2025-08-30 11:00:00
O092,HeavyDuty-300,Assembly,M5,2025-08-29 00:43:00.491527,2025-08-29 03:05:27.729150,2.3742326730782612,6,2025-08-30 11:00:00
O092,HeavyDuty-300,QA,M6,2025-08-29 03:05:27.729150,2025-08-29 04:33:25.067018,1.4659271855892257,7,2025-08-30 11:00:00
O032,Offroad-250,Turning,M1,2025-08-27 09:38:58.668956,2025-08-27 11:42:46.884601,2.063393234653523,1,2025-08-30 11:00:00
O032,Offroad-250,CNC,M2,2025-08-28 18:22:10.700256,2025-08-28 21:29:26.929647,3.121174830768603,2,2025-08-30 11:00:00
O032,Offroad-250,Drill,M3,2025-08-28 22:17:49.476217,2025-08-29 00:21:17.592139,2.0578099784464112,3,2025-08-30 11:00:00
O032,Offroad-250,Paint,M4,2025-08-29 00:43:00.491527,2025-08-29 03:04:42.621939,2.3617028922223446,4,2025-08-30 11:00:00
O032,Offroad-250,Assembly,M5,2025-08-29 03:05:27.729150,2025-08-29 05:15:36.568241,2.169121969686085,5,2025-08-30 11:00:00
O032,Offroad-250,QA,M6,2025-08-29 05:15:36.568241,2025-08-29 06:24:13.218049,1.1435138355439838,6,2025-08-30 11:00:00
O064,Racing-180,Turning,M1,2025-08-27 11:42:46.884601,2025-08-27 14:24:56.037860,2.7025425719504286,1,2025-08-30 12:00:00
O064,Racing-180,CNC,M2,2025-08-28 21:29:26.929647,2025-08-28 23:55:32.503133,2.4348815237978103,2,2025-08-30 12:00:00
O064,Racing-180,Drill,M3,2025-08-29 00:21:17.592139,2025-08-29 01:56:35.643694,1.588347654148441,3,2025-08-30 12:00:00
O064,Racing-180,Paint,M4,2025-08-29 03:04:42.621939,2025-08-29 05:23:43.817360,2.3169987280759234,4,2025-08-30 12:00:00
O064,Racing-180,Assembly,M5,2025-08-29 05:23:43.817360,2025-08-29 07:31:09.232578,2.1237264494976698,5,2025-08-30 12:00:00
O064,Racing-180,QA,M6,2025-08-29 07:31:09.232578,2025-08-29 08:38:05.902888,1.115741752900874,6,2025-08-30 12:00:00
O022,Eco-160,Turning,M1,2025-08-27 14:24:56.037860,2025-08-27 16:44:43.389268,2.3298198355037725,1,2025-08-30 14:00:00
O022,Eco-160,CNC,M2,2025-08-28 23:55:32.503133,2025-08-29 03:02:08.851788,3.110096848564297,2,2025-08-30 14:00:00
O022,Eco-160,Drill,M3,2025-08-29 03:02:08.851788,2025-08-29 04:50:09.341533,1.8001360402696553,3,2025-08-30 14:00:00
O022,Eco-160,Paint,M4,2025-08-29 05:23:43.817360,2025-08-29 07:43:58.998047,2.337550190727648,4,2025-08-30 14:00:00
O022,Eco-160,Assembly,M5,2025-08-29 07:43:58.998047,2025-08-29 10:05:08.624243,2.352673943349343,5,2025-08-30 14:00:00
O022,Eco-160,QA,M6,2025-08-29 10:05:08.624243,2025-08-29 11:01:30.434590,0.9393917629544997,6,2025-08-30 14:00:00
O082,Racing-180,Turning,M1,2025-08-27 16:44:43.389268,2025-08-27 19:06:26.891035,2.3620838241891127,1,2025-08-30 15:00:00
O082,Racing-180,CNC,M2,2025-08-29 03:02:08.851788,2025-08-29 04:29:06.080882,1.4492303038625352,2,2025-08-30 15:00:00
O082,Racing-180,Drill,M3,2025-08-29 04:50:09.341533,2025-08-29 05:40:34.638685,0.8403603198950763,3,2025-08-30 15:00:00
O082,Racing-180,Paint,M4,2025-08-29 07:43:58.998047,2025-08-29 09:35:21.087890,1.8561360676256102,4,2025-08-30 15:00:00
O082,Racing-180,Assembly,M5,2025-08-29 10:05:08.624243,2025-08-29 11:19:56.912903,1.2467468499919017,5,2025-08-30 15:00:00
O082,Racing-180,QA,M6,2025-08-29 11:19:56.912903,2025-08-29 12:33:36.644094,1.227703108648556,6,2025-08-30 15:00:00
O080,Eco-160,Turning,M1,2025-08-27 19:06:26.891035,2025-08-27 22:03:20.154074,2.948128621989488,1,2025-08-30 16:00:00
O080,Eco-160,CNC,M2,2025-08-29 04:29:06.080882,2025-08-29 07:31:41.166575,3.0430793591369696,2,2025-08-30 16:00:00
O080,Eco-160,Drill,M3,2025-08-29 07:31:41.166575,2025-08-29 09:33:14.535757,2.0259358840127124,3,2025-08-30 16:00:00
O080,Eco-160,Paint,M4,2025-08-29 09:35:21.087890,2025-08-29 12:08:29.613640,2.552368263986051,4,2025-08-30 16:00:00
O080,Eco-160,Assembly,M5,2025-08-29 12:08:29.613640,2025-08-29 13:54:21.054993,1.7642892646114368,5,2025-08-30 16:00:00
O026,Eco-160,Turning,M1,2025-08-27 22:03:20.154074,2025-08-28 00:47:54.165610,2.7427809821161926,1,2025-08-31 09:00:00
O026,Eco-160,CNC,M2,2025-08-29 07:31:41.166575,2025-08-29 10:02:09.843257,2.5079657450625437,2,2025-08-31 09:00:00
O026,Eco-160,Drill,M3,2025-08-29 10:02:09.843257,2025-08-29 11:06:23.554980,1.0704754787183308,3,2025-08-31 09:00:00
O026,Eco-160,Paint,M4,2025-08-29 12:08:29.613640,2025-08-29 14:00:48.538419,1.8719235497549345,4,2025-08-31 09:00:00
O026,Eco-160,Assembly,M5,2025-08-29 14:00:48.538419,2025-08-29 15:42:14.388139,1.6905138110521896,5,2025-08-31 09:00:00
O026,Eco-160,QA,M6,2025-08-29 15:42:14.388139,2025-08-29 17:01:55.595738,1.3281132220687604,6,2025-08-31 09:00:00
O012,HeavyDuty-300,Turning,M1,2025-08-28 00:47:54.165610,2025-08-28 05:05:32.732259,4.294046291353146,1,2025-08-31 09:00:00
O012,HeavyDuty-300,CNC,M2,2025-08-29 10:02:09.843257,2025-08-29 15:28:07.209142,5.432601634779547,2,2025-08-31 09:00:00
O012,HeavyDuty-300,Drill,M3,2025-08-29 15:28:07.209142,2025-08-29 18:23:19.764677,2.9201543153045417,3,2025-08-31 09:00:00
O012,HeavyDuty-300,Paint,M4,2025-08-29 18:23:19.764677,2025-08-29 21:48:44.952801,3.4236633678565673,4,2025-08-31 09:00:00
O012,HeavyDuty-300,Assembly,M5,2025-08-29 21:48:44.952801,2025-08-30 00:23:18.819836,2.5760741764824795,5,2025-08-31 09:00:00
O068,Offroad-250,Turning,M1,2025-08-28 05:05:32.732259,2025-08-28 07:47:34.209799,2.700410427800689,1,2025-08-31 11:00:00
O068,Offroad-250,CNC,M2,2025-08-29 15:28:07.209142,2025-08-29 19:36:34.916873,4.1410299252402645,2,2025-08-31 11:00:00
O068,Offroad-250,Drill,M3,2025-08-29 19:36:34.916873,2025-08-29 22:13:42.913872,2.618888055225268,3,2025-08-31 11:00:00
O068,Offroad-250,Paint,M4,2025-08-29 22:13:42.913872,2025-08-30 01:41:49.883522,3.4686026804815553,4,2025-08-31 11:00:00
O068,Offroad-250,Assembly,M5,2025-08-30 01:41:49.883522,2025-08-30 03:53:28.656172,2.1941035139811205,5,2025-08-31 11:00:00
O068,Offroad-250,QA,M6,2025-08-30 03:53:28.656172,2025-08-30 05:21:31.077852,1.4673393555397947,6,2025-08-31 11:00:00
O027,HeavyDuty-300,Turning,M1,2025-08-28 07:47:34.209799,2025-08-28 12:10:38.672494,4.384572970955583,1,2025-08-31 12:00:00
O027,HeavyDuty-300,CNC,M2,2025-08-29 19:36:34.916873,2025-08-30 00:46:27.622361,5.164640413232659,2,2025-08-31 12:00:00
O027,HeavyDuty-300,Drill,M3,2025-08-30 00:46:27.622361,2025-08-30 03:07:52.504471,2.356911697266514,3,2025-08-31 12:00:00
O027,HeavyDuty-300,Paint,M4,2025-08-30 03:07:52.504471,2025-08-30 05:29:17.521738,2.356949240761112,4,2025-08-31 12:00:00
O027,HeavyDuty-300,Assembly,M5,2025-08-30 05:29:17.521738,2025-08-30 08:44:17.930974,3.2501136766266696,5,2025-08-31 12:00:00
O027,HeavyDuty-300,QA,M6,2025-08-30 08:44:17.930974,2025-08-30 10:08:27.093153,1.4025450496305685,6,2025-08-31 12:00:00
O061,Eco-160,Turning,M1,2025-08-28 12:10:38.672494,2025-08-28 15:36:10.858099,3.425607112616415,1,2025-08-31 13:00:00
O061,Eco-160,CNC,M2,2025-08-30 00:46:27.622361,2025-08-30 04:43:28.159323,3.950149156094181,2,2025-08-31 13:00:00
O061,Eco-160,Drill,M3,2025-08-30 04:43:28.159323,2025-08-30 06:22:32.658120,1.651249665918853,3,2025-08-31 13:00:00
O061,Eco-160,Paint,M4,2025-08-30 06:22:32.658120,2025-08-30 08:14:09.476473,1.8602273201596613,4,2025-08-31 13:00:00
O061,Eco-160,Assembly,M5,2025-08-30 08:44:17.930974,2025-08-30 10:31:53.973865,1.7933452475745282,5,2025-08-31 13:00:00
O061,Eco-160,QA,M6,2025-08-30 10:31:53.973865,2025-08-30 11:59:17.184203,1.4564473159743478,6,2025-08-31 13:00:00
O014,Racing-180,Turning,M1,2025-08-28 15:36:10.858099,2025-08-28 17:52:39.179667,2.27453376882897,1,2025-08-31 13:00:00
O014,Racing-180,CNC,M2,2025-08-30 04:43:28.159323,2025-08-30 06:16:22.878940,1.5485332269956313,2,2025-08-31 13:00:00
O014,Racing-180,Drill,M3,2025-08-30 06:22:32.658120,2025-08-30 07:11:56.969935,0.823419948700485,3,2025-08-31 13:00:00
O014,Racing-180,Paint,M4,2025-08-30 08:14:09.476473,2025-08-30 09:58:01.401319,1.731090234967947,4,2025-08-31 13:00:00
O014,Racing-180,Assembly,M5,2025-08-30 10:31:53.973865,2025-08-30 12:17:05.117235,1.7530953806843605,5,2025-08-31 13:00:00
O014,Racing-180,QA,M6,2025-08-30 12:17:05.117235,2025-08-30 13:24:22.507381,1.1214972627523458,6,2025-08-31 13:00:00
O094,Offroad-250,Turning,M1,2025-08-28 17:52:39.179667,2025-08-28 21:49:19.294073,3.944476224002501,1,2025-08-31 14:00:00
O094,Offroad-250,CNC,M2,2025-08-30 06:16:22.878940,2025-08-30 10:05:40.998936,3.821699999020706,2,2025-08-31 14:00:00
O094,Offroad-250,Drill,M3,2025-08-30 10:05:40.998936,2025-08-30 12:12:29.205875,2.1133908164956265,3,2025-08-31 14:00:00
O094,Offroad-250,Paint,M4,2025-08-30 12:12:29.205875,2025-08-30 14:22:36.722855,2.1687547166737,4,2025-08-31 14:00:00
O094,Offroad-250,Assembly,M5,2025-08-30 14:22:36.722855,2025-08-30 16:16:15.404065,1.8940781139118998,5,2025-08-31 14:00:00
O094,Offroad-250,QA,M6,2025-08-30 16:16:15.404065,2025-08-30 17:46:22.962580,1.5020995874384917,6,2025-08-31 14:00:00
O069,HeavyDuty-300,Turning,M1,2025-08-28 21:49:19.294073,2025-08-29 01:27:20.958476,3.6337956674923344,1,2025-08-31 16:00:00
O069,HeavyDuty-300,CNC,M2,2025-08-30 10:05:40.998936,2025-08-30 13:30:53.001656,3.420000755490345,2,2025-08-31 16:00:00
O069,HeavyDuty-300,HeatTreat,M3,2025-08-30 13:30:53.001656,2025-08-30 16:29:53.612265,2.9835029468540055,3,2025-08-31 16:00:00
O069,HeavyDuty-300,Drill,M3,2025-08-30 16:29:53.612265,2025-08-30 18:10:11.529786,1.6716437557596406,4,2025-08-31 16:00:00
O069,HeavyDuty-300,Paint,M4,2025-08-30 18:10:11.529786,2025-08-30 21:53:18.510242,3.718605682304343,5,2025-08-31 16:00:00
O069,HeavyDuty-300,Assembly,M5,2025-08-30 21:53:18.510242,2025-08-31 00:39:56.983146,2.777353584526004,6,2025-08-31 16:00:00
O002,Eco-160,Turning,M1,2025-08-29 01:27:20.958476,2025-08-29 03:10:25.430472,1.7179088878159736,1,2025-09-01 11:00:00
O002,Eco-160,CNC,M2,2025-08-30 13:30:53.001656,2025-08-30 15:51:23.909785,2.34191892480453,2,2025-09-01 11:00:00
O002,Eco-160,Drill,M3,2025-08-30 18:10:11.529786,2025-08-30 19:10:17.958075,1.0017856359302066,3,2025-09-01 11:00:00
O002,Eco-160,Paint,M4,2025-08-30 21:53:18.510242,2025-08-30 23:10:35.542265,1.2880644507012966,4,2025-09-01 11:00:00
O002,Eco-160,Assembly,M5,2025-08-31 00:39:56.983146,2025-08-31 02:38:11.872321,1.9708025485695646,5,2025-09-01 11:00:00
O002,Eco-160,QA,M6,2025-08-31 02:38:11.872321,2025-08-31 03:26:20.869552,0.8024992309567129,6,2025-09-01 11:00:00
O003,Offroad-250,Turning,M1,2025-08-29 03:10:25.430472,2025-08-29 05:58:10.923719,2.795970346254384,1,2025-09-01 14:00:00
O003,Offroad-250,CNC,M2,2025-08-30 15:51:23.909785,2025-08-30 18:28:04.162495,2.61118130833049,2,2025-09-01 14:00:00
O003,Offroad-250,HeatTreat,M2,2025-08-30 18:28:04.162495,2025-08-30 20:31:16.949606,2.0535519751932356,3,2025-09-01 14:00:00
O003,Offroad-250,Drill,M3,2025-08-30 20:31:16.949606,2025-08-30 22:35:35.264784,2.0717542160300186,4,2025-09-01 14:00:00
O003,Offroad-250,Paint,M4,2025-08-30 23:10:35.542265,2025-08-31 01:14:05.555560,2.058337026284858,5,2025-09-01 14:00:00
O003,Offroad-250,Assembly,M5,2025-08-31 02:38:11.872321,2025-08-31 04:21:17.261400,1.718163633167506,6,2025-09-01 14:00:00
O003,Offroad-250,QA,M6,2025-08-31 04:21:17.261400,2025-08-31 05:33:16.414171,1.1997646585155424,7,2025-09-01 14:00:00
O043,Racing-180,Turning,M1,2025-08-29 05:58:10.923719,2025-08-29 07:32:19.610280,1.5690796001595166,1,2025-09-01 14:00:00
O043,Racing-180,CNC,M2,2025-08-30 20:31:16.949606,2025-08-30 22:27:31.547950,1.9373884288144576,2,2025-09-01 14:00:00
O043,Racing-180,Drill,M3,2025-08-30 22:35:35.264784,2025-08-30 23:45:42.556950,1.168692268404913,3,2025-09-01 14:00:00
O043,Racing-180,Paint,M4,2025-08-31 01:14:05.555560,2025-08-31 03:32:57.497015,2.3144281818727177,4,2025-09-01 14:00:00
O043,Racing-180,Assembly,M5,2025-08-31 04:21:17.261400,2025-08-31 06:11:33.721343,1.83790553971577,5,2025-09-01 14:00:00
O043,Racing-180,QA,M6,2025-08-31 06:11:33.721343,2025-08-31 07:18:49.627529,1.121085051619519,6,2025-09-01 14:00:00
O031,Offroad-250,Turning,M1,2025-08-29 07:32:19.610280,2025-08-29 11:18:27.973429,3.768989763742372,1,2025-09-01 16:00:00
O031,Offroad-250,CNC,M2,2025-08-30 22:27:31.547950,2025-08-31 03:00:03.157274,4.542113701188831,2,2025-09-01 16:00:00
O031,Offroad-250,Drill,M3,2025-08-31 03:00:03.157274,2025-08-31 05:33:06.484183,2.5509241414736197,3,2025-09-01 16:00:00
O031,Offroad-250,Paint,M4,2025-08-31 05:33:06.484183,2025-08-31 07:46:44.062030,2.2271049575563113,4,2025-09-01 16:00:00
O031,Offroad-250,Assembly,M5,2025-08-31 07:46:44.062030,2025-08-31 10:46:01.670045,2.9882244485678817,5,2025-09-01 16:00:00
O031,Offroad-250,QA,M6,2025-08-31 10:46:01.670045,2025-08-31 12:42:19.767057,1.938360281117944,6,2025-09-01 16:00:00
O087,Offroad-250,Turning,M1,2025-08-29 11:18:27.973429,2025-08-29 13:10:04.657665,1.8601900654699175,1,2025-09-02 10:00:00
O087,Offroad-250,CNC,M2,2025-08-31 03:00:03.157274,2025-08-31 06:17:31.681140,3.291256629559053,2,2025-09-02 10:00:00
O087,Offroad-250,Drill,M3,2025-08-31 06:17:31.681140,2025-08-31 07:41:30.495378,1.3996706216645505,3,2025-09-02 10:00:00
O087,Offroad-250,Paint,M4,2025-08-31 07:46:44.062030,2025-08-31 09:45:03.390549,1.9720356998217659,4,2025-09-02 10:00:00
O087,Offroad-250,Assembly,M5,2025-08-31 10:46:01.670045,2025-08-31 12:48:24.426493,2.0396545688298415,5,2025-09-02 10:00:00
O087,Offroad-250,QA,M6,2025-08-31 12:48:24.426493,2025-08-31 13:59:38.492456,1.1872405453815427,6,2025-09-02 10:00:00
O079,Racing-180,Turning,M1,2025-08-29 13:10:04.657665,2025-08-29 16:22:49.450493,3.2124424523263513,1,2025-09-02 10:00:00
O079,Racing-180,CNC,M2,2025-08-31 06:17:31.681140,2025-08-31 08:23:59.330646,2.107680418302977,2,2025-09-02 10:00:00
O079,Racing-180,Drill,M3,2025-08-31 08:23:59.330646,2025-08-31 09:56:43.589221,1.5456273819632984,3,2025-09-02 10:00:00
O079,Racing-180,Paint,M4,2025-08-31 09:56:43.589221,2025-08-31 12:03:50.774970,2.118662708161707,4,2025-09-02 10:00:00
O079,Racing-180,Assembly,M5,2025-08-31 12:48:24.426493,2025-08-31 14:35:02.959539,1.7773702905052011,5,2025-09-02 10:00:00
O079,Racing-180,QA,M6,2025-08-31 14:35:02.959539,2025-08-31 16:11:07.921817,1.601378410470438,6,2025-09-02 10:00:00
O088,Racing-180,Turning,M1,2025-08-29 16:22:49.450493,2025-08-29 18:21:03.131283,1.9704668860161803,1,2025-09-02 10:00:00
O088,Racing-180,CNC,M2,2025-08-31 08:23:59.330646,2025-08-31 11:40:28.032204,3.2746393217010636,2,2025-09-02 10:00:00
O088,Racing-180,Drill,M3,2025-08-31 11:40:28.032204,2025-08-31 13:02:05.419639,1.3603853985973184,3,2025-09-02 10:00:00
O088,Racing-180,Paint,M4,2025-08-31 13:02:05.419639,2025-08-31 15:06:54.592405,2.0803257682789114,4,2025-09-02 10:00:00
O088,Racing-180,Assembly,M5,2025-08-31 15:06:54.592405,2025-08-31 17:18:15.564751,2.1891589849385324,5,2025-09-02 10:00:00
O088,Racing-180,QA,M6,2025-08-31 17:18:15.564751,2025-08-31 18:45:14.655471,1.4497474221275355,6,2025-09-02 10:00:00
O009,Offroad-250,Turning,M1,2025-08-29 18:21:03.131283,2025-08-29 20:12:50.557356,1.8631739092362267,1,2025-09-02 12:00:00
O009,Offroad-250,CNC,M2,2025-08-31 11:40:28.032204,2025-08-31 15:32:39.067757,3.869732097933034,2,2025-09-02 12:00:00
O009,Offroad-250,Drill,M3,2025-08-31 15:32:39.067757,2025-08-31 17:10:19.442610,1.6278819037232817,3,2025-09-02 12:00:00
O009,Offroad-250,Paint,M4,2025-08-31 17:10:19.442610,2025-08-31 18:51:02.931137,1.6787468130043477,4,2025-09-02 12:00:00
O009,Offroad-250,Assembly,M5,2025-08-31 18:51:02.931137,2025-08-31 21:18:16.825572,2.453859565291805,5,2025-09-02 12:00:00
O020,Racing-180,Turning,M1,2025-08-29 20:12:50.557356,2025-08-29 23:50:28.487471,3.6272028098429834,1,2025-09-02 13:00:00
O020,Racing-180,CNC,M2,2025-08-31 15:32:39.067757,2025-08-31 18:51:21.381148,3.311753719779294,2,2025-09-02 13:00:00
O020,Racing-180,Drill,M3,2025-08-31 18:51:21.381148,2025-08-31 19:54:47.364764,1.0572176711473071,3,2025-09-02 13:00:00
O020,Racing-180,Paint,M4,2025-08-31 19:54:47.364764,2025-08-31 22:27:21.014790,2.542680562795929,4,2025-09-02 13:00:00
O020,Racing-180,Assembly,M5,2025-08-31 22:27:21.014790,2025-09-01 00:59:36.496713,2.537633867400793,5,2025-09-02 13:00:00
O020,Racing-180,QA,M6,2025-09-01 00:59:36.496713,2025-09-01 02:40:34.312368,1.6827265708478225,6,2025-09-02 13:00:00
O025,Urban-200,Turning,M1,2025-08-29 23:50:28.487471,2025-08-30 02:24:29.328646,2.5669003263330117,1,2025-09-02 14:00:00
O025,Urban-200,CNC,M2,2025-08-31 18:51:21.381148,2025-08-31 20:40:03.449068,1.8116855334619313,2,2025-09-02 14:00:00
O025,Urban-200,Drill,M3,2025-08-31 20:40:03.449068,2025-08-31 21:46:04.831679,1.1003840585773363,3,2025-09-02 14:00:00
O025,Urban-200,Paint,M4,2025-08-31 22:27:21.014790,2025-09-01 00:35:47.680311,2.140740422430325,4,2025-09-02 14:00:00
O025,Urban-200,Assembly,M5,2025-09-01 00:59:36.496713,2025-09-01 02:44:19.323176,1.7452295730710017,5,2025-09-02 14:00:00
O025,Urban-200,QA,M6,2025-09-01 02:44:19.323176,2025-09-01 04:22:36.704785,1.6381615579772892,6,2025-09-02 14:00:00
O040,Offroad-250,Turning,M1,2025-08-30 02:24:29.328646,2025-08-30 04:50:20.220706,2.4308033499647594,1,2025-09-02 15:00:00
O040,Offroad-250,CNC,M2,2025-08-31 20:40:03.449068,2025-09-01 00:23:10.891073,3.7187338902567455,2,2025-09-02 15:00:00
O040,Offroad-250,Drill,M3,2025-09-01 00:23:10.891073,2025-09-01 02:33:26.474316,2.1709953453823876,3,2025-09-02 15:00:00
O040,Offroad-250,Paint,M4,2025-09-01 02:33:26.474316,2025-09-01 05:23:37.371932,2.836360448936854,4,2025-09-02 15:00:00
O040,Offroad-250,Assembly,M5,2025-09-01 05:23:37.371932,2025-09-01 08:31:01.315291,3.1233175998098752,5,2025-09-02 15:00:00
O040,Offroad-250,QA,M6,2025-09-01 08:31:01.315291,2025-09-01 10:07:17.826998,1.6045865852911585,6,2025-09-02 15:00:00
O008,Racing-180,Turning,M1,2025-08-30 04:50:20.220706,2025-08-30 08:00:08.105365,3.16330129403008,1,2025-09-02 15:00:00
O008,Racing-180,CNC,M2,2025-09-01 00:23:10.891073,2025-09-01 03:14:18.372160,2.8520780796931633,2,2025-09-02 15:00:00
O008,Racing-180,Drill,M3,2025-09-01 03:14:18.372160,2025-09-01 04:19:54.359244,1.0933297456242532,3,2025-09-02 15:00:00
O008,Racing-180,Paint,M4,2025-09-01 05:23:37.371932,2025-09-01 07:32:14.212733,2.14356688910928,4,2025-09-02 15:00:00
O008,Racing-180,Assembly,M5,2025-09-01 08:31:01.315291,2025-09-01 10:22:43.650374,1.861759745278854,5,2025-09-02 15:00:00
O008,Racing-180,QA,M6,2025-09-01 10:22:43.650374,2025-09-01 11:26:05.946268,1.0561933038215914,6,2025-09-02 15:00:00
O044,HeavyDuty-300,Turning,M1,2025-08-30 08:00:08.105365,2025-08-30 12:56:47.059206,4.944153844846628,1,2025-09-02 16:00:00
O044,HeavyDuty-300,CNC,M2,2025-09-01 03:14:18.372160,2025-09-01 08:25:34.114355,5.187706165373523,2,2025-09-02 16:00:00
O044,HeavyDuty-300,Drill,M3,2025-09-01 08:25:34.114355,2025-09-01 11:28:24.665478,3.0473753119869604,3,2025-09-02 16:00:00
O044,HeavyDuty-300,Paint,M4,2025-09-01 11:28:24.665478,2025-09-01 14:07:58.907226,2.6595115967735588,4,2025-09-02 16:00:00
O044,HeavyDuty-300,Assembly,M5,2025-09-01 14:07:58.907226,2025-09-01 17:59:23.538863,3.856842121296038,5,2025-09-02 16:00:00
O044,HeavyDuty-300,QA,M6,2025-09-01 17:59:23.538863,2025-09-01 19:21:20.316814,1.3657716530422377,6,2025-09-02 16:00:00
O021,Eco-160,Turning,M1,2025-08-30 12:56:47.059206,2025-08-30 15:38:52.891669,2.7016201286917028,1,2025-09-03 08:00:00
O021,Eco-160,CNC,M2,2025-09-01 08:25:34.114355,2025-09-01 12:00:47.686676,3.587103422565555,2,2025-09-03 08:00:00
O021,Eco-160,Drill,M3,2025-09-01 12:00:47.686676,2025-09-01 13:05:40.651500,1.0813791177735803,3,2025-09-03 08:00:00
O021,Eco-160,Paint,M4,2025-09-01 14:07:58.907226,2025-09-01 16:18:52.641714,2.1815929133146015,4,2025-09-03 08:00:00
O021,Eco-160,Assembly,M5,2025-09-01 17:59:23.538863,2025-09-01 20:30:07.052854,2.5120872197781337,5,2025-09-03 08:00:00
O004,Offroad-250,Turning,M1,2025-08-30 15:38:52.891669,2025-08-30 18:00:42.430932,2.3637609064360565,1,2025-09-03 08:00:00
O004,Offroad-250,CNC,M2,2025-09-01 12:00:47.686676,2025-09-01 16:47:33.517536,4.77939746101797,2,2025-09-03 08:00:00
O004,Offroad-250,HeatTreat,M3,2025-09-01 16:47:33.517536,2025-09-01 18:32:00.381003,1.7407954074911478,3,2025-09-03 08:00:00
O004,Offroad-250,Drill,M3,2025-09-01 18:32:00.381003,2025-09-01 20:54:40.410993,2.3777861083458434,4,2025-09-03 08:00:00
O004,Offroad-250,Paint,M4,2025-09-01 20:54:40.410993,2025-09-01 23:11:22.929221,2.278477285476664,5,2025-09-03 08:00:00
O004,Offroad-250,Assembly,M5,2025-09-01 23:11:22.929221,2025-09-02 02:39:06.408224,3.4620775007495093,6,2025-09-03 08:00:00
O004,Offroad-250,QA,M6,2025-09-02 02:39:06.408224,2025-09-02 04:25:07.261534,1.7669036973289232,7,2025-09-03 08:00:00
O081,Eco-160,Turning,M1,2025-08-30 18:00:42.430932,2025-08-30 19:17:46.547219,1.2844767463977067,1,2025-09-03 11:00:00
O081,Eco-160,CNC,M2,2025-09-01 16:47:33.517536,2025-09-01 18:29:53.611315,1.7055816053592383,2,2025-09-03 11:00:00
O081,Eco-160,HeatTreat,M2,2025-09-01 18:29:53.611315,2025-09-01 19:27:19.417031,0.9571682545511562,3,2025-09-03 11:00:00
O081,Eco-160,Drill,M3,2025-09-01 20:54:40.410993,2025-09-01 22:19:48.866126,1.4190153146557818,4,2025-09-03 11:00:00
O081,Eco-160,Paint,M4,2025-09-01 23:11:22.929221,2025-09-02 00:51:59.307343,1.6767717006674454,5,2025-09-03 11:00:00
O081,Eco-160,Assembly,M5,2025-09-02 02:39:06.408224,2025-09-02 03:57:46.087524,1.311022027780982,6,2025-09-03 11:00:00
O081,Eco-160,QA,M6,2025-09-02 04:25:07.261534,2025-09-02 05:13:28.303846,0.8058450866404901,7,2025-09-03 11:00:00
O072,HeavyDuty-300,Turning,M1,2025-08-30 19:17:46.547219,2025-08-30 21:35:59.651320,2.3036400281386964,1,2025-09-03 12:00:00
O072,HeavyDuty-300,CNC,M2,2025-09-01 19:27:19.417031,2025-09-01 22:48:04.301849,3.3458013384166967,2,2025-09-03 12:00:00
O072,HeavyDuty-300,HeatTreat,M3,2025-09-01 22:48:04.301849,2025-09-02 01:07:54.928859,2.3307297250032137,3,2025-09-03 12:00:00
O072,HeavyDuty-300,Drill,M3,2025-09-02 01:07:54.928859,2025-09-02 03:47:09.830538,2.654139355381296,4,2025-09-03 12:00:00
O072,HeavyDuty-300,Paint,M4,2025-09-02 03:47:09.830538,2025-09-02 06:30:15.836468,2.7183349804192245,5,2025-09-03 12:00:00
O072,HeavyDuty-300,Assembly,M5,2025-09-02 06:30:15.836468,2025-09-02 09:09:58.797514,2.661933624015262,6,2025-09-03 12:00:00
O072,HeavyDuty-300,QA,M6,2025-09-02 09:09:58.797514,2025-09-02 10:46:16.199438,1.604833867763664,7,2025-09-03 12:00:00
O054,Offroad-250,Turning,M1,2025-08-30 21:35:59.651320,2025-08-31 01:43:56.218088,4.132379657727844,1,2025-09-03 13:00:00
O054,Offroad-250,CNC,M2,2025-09-01 22:48:04.301849,2025-09-02 02:27:29.813658,3.65708661366871,2,2025-09-03 13:00:00
O054,Offroad-250,HeatTreat,M2,2025-09-02 02:27:29.813658,2025-09-02 05:19:09.794164,2.86110569623373,3,2025-09-03 13:00:00
O054,Offroad-250,Drill,M3,2025-09-02 05:19:09.794164,2025-09-02 07:37:13.612601,2.3010606770362307,4,2025-09-03 13:00:00
O054,Offroad-250,Paint,M4,2025-09-02 07:37:13.612601,2025-09-02 10:34:12.918374,2.949807159268712,5,2025-09-03 13:00:00
O054,Offroad-250,Assembly,M5,2025-09-02 10:34:12.918374,2025-09-02 13:38:36.712977,3.0732762786035863,6,2025-09-03 13:00:00
O054,Offroad-250,QA,M6,2025-09-02 13:38:36.712977,2025-09-02 15:17:34.905311,1.649497870435204,7,2025-09-03 13:00:00
O036,Urban-200,Turning,M1,2025-08-31 01:43:56.218088,2025-08-31 05:09:48.243592,3.4311181956087604,1,2025-09-03 13:00:00
O036,Urban-200,CNC,M2,2025-09-02 05:19:09.794164,2025-09-02 08:30:58.692653,3.196916246838067,2,2025-09-03 13:00:00
O036,Urban-200,HeatTreat,M3,2025-09-02 08:30:58.692653,2025-09-02 10:54:12.450383,2.3871549251298823,3,2025-09-03 13:00:00
O036,Urban-200,Drill,M3,2025-09-02 10:54:12.450383,2025-09-02 13:07:55.954580,2.2287511659550625,4,2025-09-03 13:00:00
O036,Urban-200,Paint,M4,2025-09-02 13:07:55.954580,2025-09-02 15:15:21.354828,2.1237222910786704,5,2025-09-03 13:00:00
O036,Urban-200,Assembly,M5,2025-09-02 15:15:21.354828,2025-09-02 18:25:49.045781,3.1743585980721214,6,2025-09-03 13:00:00
O036,Urban-200,QA,M6,2025-09-02 18:25:49.045781,2025-09-02 19:46:51.498471,1.350681302905009,7,2025-09-03 13:00:00
O055,HeavyDuty-300,Turning,M1,2025-08-31 05:09:48.243592,2025-08-31 09:03:49.478266,3.9003429651287265,1,2025-09-04 09:00:00
O055,HeavyDuty-300,CNC,M2,2025-09-02 08:30:58.692653,2025-09-02 10:33:31.942947,2.042569526190878,2,2025-09-04 09:00:00
O055,HeavyDuty-300,HeatTreat,M2,2025-09-02 10:33:31.942947,2025-09-02 12:46:06.170006,2.2095075164340288,3,2025-09-04 09:00:00
O055,HeavyDuty-300,Drill,M3,2025-09-02 13:07:55.954580,2025-09-02 14:23:55.156418,1.2664449550371175,4,2025-09-04 09:00:00
O055,HeavyDuty-300,Paint,M4,2025-09-02 15:15:21.354828,2025-09-02 17:24:18.347184,2.1491645434564353,5,2025-09-04 09:00:00
O055,HeavyDuty-300,Assembly,M5,2025-09-02 18:25:49.045781,2025-09-02 20:22:10.842153,1.9393878809806786,6,2025-09-04 09:00:00
O041,Urban-200,Turning,M1,2025-08-31 09:03:49.478266,2025-08-31 10:39:09.550733,1.5889090185977743,1,2025-09-04 09:00:00
O041,Urban-200,CNC,M2,2025-09-02 12:46:06.170006,2025-09-02 15:19:01.302406,2.5486478887669106,2,2025-09-04 09:00:00
O041,Urban-200,Drill,M3,2025-09-02 15:19:01.302406,2025-09-02 16:18:26.538307,0.990343305852178,3,2025-09-04 09:00:00
O041,Urban-200,Paint,M4,2025-09-02 17:24:18.347184,2025-09-02 19:17:05.513395,1.8797683920631447,4,2025-09-04 09:00:00
O041,Urban-200,Assembly,M5,2025-09-02 20:22:10.842153,2025-09-02 21:41:38.164607,1.3242562371180437,5,2025-09-04 09:00:00
O041,Urban-200,QA,M6,2025-09-02 21:41:38.164607,2025-09-02 23:00:10.510247,1.3089848999410942,6,2025-09-04 09:00:00
O028,Racing-180,Turning,M1,2025-08-31 10:39:09.550733,2025-08-31 13:31:51.706015,2.8783764673189345,1,2025-09-04 10:00:00
O028,Racing-180,CNC,M2,2025-09-02 15:19:01.302406,2025-09-02 17:36:07.526165,2.2850621552228674,2,2025-09-04 10:00:00
O028,Racing-180,Drill,M3,2025-09-02 17:36:07.526165,2025-09-02 18:47:44.317300,1.1935530931032297,3,2025-09-04 10:00:00
O028,Racing-180,Paint,M4,2025-09-02 19:17:05.513395,2025-09-02 21:26:21.091423,2.1543272300089877,4,2025-09-04 10:00:00
O028,Racing-180,Assembly,M5,2025-09-02 21:41:38.164607,2025-09-02 23:20:05.754266,1.6409971276070219,5,2025-09-04 10:00:00
O028,Racing-180,QA,M6,2025-09-02 23:20:05.754266,2025-09-03 00:39:25.989880,1.3222876704718236,6,2025-09-04 10:00:00
O037,HeavyDuty-300,Turning,M1,2025-08-31 13:31:51.706015,2025-08-31 16:01:37.006868,2.4959169036784523,1,2025-09-04 11:00:00
O037,HeavyDuty-300,CNC,M2,2025-09-02 17:36:07.526165,2025-09-02 21:24:17.656255,3.802813913860985,2,2025-09-04 11:00:00
O037,HeavyDuty-300,Drill,M3,2025-09-02 21:24:17.656255,2025-09-02 23:53:37.806408,2.4889305981792247,3,2025-09-04 11:00:00
O037,HeavyDuty-300,Paint,M4,2025-09-02 23:53:37.806408,2025-09-03 04:21:39.192549,4.467051705803021,4,2025-09-04 11:00:00
O037,HeavyDuty-300,Assembly,M5,2025-09-03 04:21:39.192549,2025-09-03 06:54:12.827078,2.542676258158477,5,2025-09-04 11:00:00
O013,Urban-200,Turning,M1,2025-08-31 16:01:37.006868,2025-08-31 17:45:57.670548,1.7390732444272161,1,2025-09-04 12:00:00
O013,Urban-200,CNC,M2,2025-09-02 21:24:17.656255,2025-09-03 00:14:43.050435,2.840387272198527,2,2025-09-04 12:00:00
O013,Urban-200,Drill,M3,2025-09-03 00:14:43.050435,2025-09-03 01:32:31.834268,1.2968843979865083,3,2025-09-04 12:00:00
O013,Urban-200,Paint,M4,2025-09-03 04:21:39.192549,2025-09-03 06:05:23.306657,1.7289205856216814,4,2025-09-04 12:00:00
O013,Urban-200,Assembly,M5,2025-09-03 06:54:12.827078,2025-09-03 08:52:33.789092,1.9724894483094526,5,2025-09-04 12:00:00
O013,Urban-200,QA,M6,2025-09-03 08:52:33.789092,2025-09-03 10:15:39.067617,1.3847995902727672,6,2025-09-04 12:00:00
O034,Racing-180,Turning,M1,2025-08-31 17:45:57.670548,2025-08-31 20:52:56.464175,3.1163315629447013,1,2025-09-04 13:00:00
O034,Racing-180,CNC,M2,2025-09-03 00:14:43.050435,2025-09-03 02:37:03.055793,2.3722237104239126,2,2025-09-04 13:00:00
O034,Racing-180,HeatTreat,M3,2025-09-03 02:37:03.055793,2025-09-03 04:14:35.897043,1.6257892360810065,3,2025-09-04 13:00:00
O034,Racing-180,Drill,M3,2025-09-03 04:14:35.897043,2025-09-03 05:29:21.744232,1.2460686634951883,4,2025-09-04 13:00:00
O034,Racing-180,Paint,M4,2025-09-03 06:05:23.306657,2025-09-03 07:31:38.229366,1.437478530255936,5,2025-09-04 13:00:00
O034,Racing-180,Assembly,M5,2025-09-03 08:52:33.789092,2025-09-03 11:14:04.160152,2.3584364055267564,6,2025-09-04 13:00:00
O034,Racing-180,QA,M6,2025-09-03 11:14:04.160152,2025-09-03 12:35:12.280863,1.3522557530534725,7,2025-09-04 13:00:00
O057,Racing-180,Turning,M1,2025-08-31 20:52:56.464175,2025-08-31 22:20:50.781806,1.465088230950524,1,2025-09-04 13:00:00
O057,Racing-180,CNC,M2,2025-09-03 02:37:03.055793,2025-09-03 04:37:35.410521,2.0089874243677692,2,2025-09-04 13:00:00
O057,Racing-180,Drill,M3,2025-09-03 05:29:21.744232,2025-09-03 07:05:57.671504,1.609979797787909,3,2025-09-04 13:00:00
O057,Racing-180,Paint,M4,2025-09-03 07:31:38.229366,2025-09-03 09:39:28.649304,2.130672204956391,4,2025-09-04 13:00:00
O057,Racing-180,Assembly,M5,2025-09-03 11:14:04.160152,2025-09-03 12:32:20.049312,1.3044136554306993,5,2025-09-04 13:00:00
O057,Racing-180,QA,M6,2025-09-03 12:35:12.280863,2025-09-03 13:57:08.103138,1.3655061874957881,6,2025-09-04 13:00:00
O056,Offroad-250,Turning,M1,2025-08-31 22:20:50.781806,2025-09-01 01:11:23.637677,2.842459964242343,1,2025-09-04 14:00:00
O056,Offroad-250,CNC,M2,2025-09-03 04:37:35.410521,2025-09-03 06:51:42.009552,2.2351663975177605,2,2025-09-04 14:00:00
O056,Offroad-250,HeatTreat,M2,2025-09-03 06:51:42.009552,2025-09-03 08:27:02.945404,1.5891488478463405,3,2025-09-04 14:00:00
O056,Offroad-250,Drill,M3,2025-09-03 08:27:02.945404,2025-09-03 10:02:28.635276,1.590469408918528,4,2025-09-04 14:00:00
O056,Offroad-250,Paint,M4,2025-09-03 10:02:28.635276,2025-09-03 11:49:43.325079,1.7874138340365757,5,2025-09-04 14:00:00
O056,Offroad-250,Assembly,M5,2025-09-03 12:32:20.049312,2025-09-03 14:40:37.020533,2.1380475614138748,6,2025-09-04 14:00:00
O056,Offroad-250,QA,M6,2025-09-03 14:40:37.020533,2025-09-03 16:12:18.181851,1.5281003662447104,7,2025-09-04 14:00:00
O038,Racing-180,Turning,M1,2025-09-01 01:11:23.637677,2025-09-01 03:27:13.738511,2.263916898396613,1,2025-09-04 14:00:00
O038,Racing-180,CNC,M2,2025-09-03 08:27:02.945404,2025-09-03 11:00:38.825898,2.5599668040156702,2,2025-09-04 14:00:00
O038,Racing-180,Drill,M3,2025-09-03 11:00:38.825898,2025-09-03 12:21:38.356251,1.3498695424404548,3,2025-09-04 14:00:00
O038,Racing-180,Paint,M4,2025-09-03 12:21:38.356251,2025-09-03 13:57:34.758484,1.5990006202412759,4,2025-09-04 14:00:00
O038,Racing-180,Assembly,M5,2025-09-03 14:40:37.020533,2025-09-03 16:43:30.041734,2.048061444646351,5,2025-09-04 14:00:00
O038,Racing-180,QA,M6,2025-09-03 16:43:30.041734,2025-09-03 17:49:54.215888,1.1067150426933012,6,2025-09-04 14:00:00
O051,Eco-160,Turning,M1,2025-09-01 03:27:13.738511,2025-09-01 05:53:50.578631,2.4435667000636085,1,2025-09-04 16:00:00
O051,Eco-160,CNC,M2,2025-09-03 11:00:38.825898,2025-09-03 12:28:24.295987,1.4626305803593564,2,2025-09-04 16:00:00
O051,Eco-160,Drill,M3,2025-09-03 12:28:24.295987,2025-09-03 14:01:02.348321,1.5439034262289097,3,2025-09-04 16:00:00
O051,Eco-160,Paint,M4,2025-09-03 14:01:02.348321,2025-09-03 15:45:37.827009,1.7431885244351448,4,2025-09-04 16:00:00
O051,Eco-160,Assembly,M5,2025-09-03 16:43:30.041734,2025-09-03 18:58:43.584139,2.2537617791656546,5,2025-09-04 16:00:00
O029,Racing-180,Turning,M1,2025-09-01 05:53:50.578631,2025-09-01 08:20:57.790987,2.45200343216965,1,2025-09-04 16:00:00
O029,Racing-180,CNC,M2,2025-09-03 12:28:24.295987,2025-09-03 14:58:30.727443,2.501786515481323,2,2025-09-04 16:00:00
O029,Racing-180,HeatTreat,M3,2025-09-03 14:58:30.727443,2025-09-03 16:20:52.769782,1.3727895384848676,3,2025-09-04 16:00:00
O029,Racing-180,Drill,M3,2025-09-03 16:20:52.769782,2025-09-03 18:03:30.271548,1.7104171571906772,4,2025-09-04 16:00:00
O029,Racing-180,Paint,M4,2025-09-03 18:03:30.271548,2025-09-03 19:26:00.609051,1.3750937507393164,5,2025-09-04 16:00:00
O029,Racing-180,Assembly,M5,2025-09-03 19:26:00.609051,2025-09-03 21:44:20.730282,2.3055892307163064,6,2025-09-04 16:00:00
O029,Racing-180,QA,M6,2025-09-03 21:44:20.730282,2025-09-03 22:40:07.765868,0.9297321071042572,7,2025-09-04 16:00:00
